RANK;FULL NAME;TEAM;POS;AGE;GP;MPG;MIN%;USG%;TO%;FTA;FT%;2PA;2P%;3PA;3P%;eFG%;TS%;PPG;RPG;TRB%;APG;AST%;SPG;BPG;TOPG;VI;ORTG;DRTG
;Precious Achiuwa;Tor;F;23.25;12;20.4;42.5;21;12.3;33;0.848;64;0.484;28;0.179;0.418;0.493;8.8;7;19.5;1.3;9.4;0.17;0.58;1.25;8.5;105.6;107.7
;Steven Adams;Mem;C;29.42;26;26.5;55.2;14.3;22.5;72;0.333;153;0.608;1;0;0.604;0.565;8.1;10.2;20.3;2.3;11.2;0.85;1.23;2.08;8.7;113.4;102.1
;Bam Adebayo;Mia;C-F;25.42;28;35;72.9;26.3;14.9;145;0.841;422;0.538;10;0.1;0.529;0.584;20.7;9.8;15.9;3.3;16.7;1;0.68;3.11;10;110.2;101.2
;Ochai Agbaji;Uta;G;22.66;13;8.9;18.4;15;0;9;0.444;20;0.6;17;0.235;0.486;0.488;3.1;1.2;7.6;0.2;2.3;0.08;0;0;4.1;111.2;110.3
;Santi Aldama;Mem;F-C;21.94;28;24.5;51.1;15.3;6.7;61;0.77;108;0.574;103;0.359;0.557;0.593;10.1;5.6;12.2;1.4;7.4;0.82;0.89;0.61;7;126.3;102.3
;Nickeil Alexander-Walker;Uta;G;24.3;21;15.1;31.4;19.3;19.9;22;0.727;48;0.583;59;0.441;0.626;0.643;7.1;1.6;5.7;2.2;20.5;0.62;0.38;1.38;7.7;113.9;108.1
;Grayson Allen;Mil;G;27.2;26;27.2;56.7;15;11.9;57;0.93;80;0.538;116;0.414;0.587;0.64;10.9;3.6;6.9;2.6;13.3;0.73;0.19;1.15;6.9;127;107.5
;Jarrett Allen;Cle;C;24.66;24;33.4;69.6;16.3;12.7;89;0.719;213;0.62;3;0;0.611;0.643;13.7;10.3;18.1;1.4;6.4;0.67;1.25;1.54;7;126.1;101.2
;Jose Alvarado;Nor;G;24.69;28;20.5;42.8;20;14.8;39;0.769;101;0.535;112;0.384;0.556;0.58;9.5;2.1;5.8;3.1;20.8;1.29;0.14;1.43;7.7;112.5;101.9
;Kyle Anderson;Min;F-G;29.25;25;24.3;50.6;13.6;18.4;50;0.8;109;0.514;29;0.345;0.514;0.569;7.3;4.2;9.7;3.4;18;1.12;0.8;1.44;7.7;112;108.1
;Giannis Antetokounmpo;Mil;F;28.04;24;32.7;68.2;38.7;12.3;290;0.628;428;0.575;77;0.26;0.547;0.58;30.6;11.1;17.9;5.3;31.9;0.88;0.96;3.71;14.9;113.4;96.5
;Thanasis Antetokounmpo;Mil;F;30.42;15;4.4;9.2;7.6;42.1;2;0.5;5;0.6;1;0;0.5;0.509;0.5;0.9;11.1;0.2;5.6;0;0.2;0.33;4.1;83;106.8
;Cole Anthony;Orl;G;22.59;14;26.5;55.2;22.4;13.1;38;0.868;95;0.505;54;0.333;0.503;0.552;13.1;4.4;9.6;3.9;23.4;0.86;0.29;1.79;9.2;111.2;103.2
;O.G. Anunoby;Tor;F;25.43;26;36.7;76.4;22.1;13.1;102;0.833;266;0.541;121;0.331;0.527;0.571;19;5.8;9.1;2.1;8.9;2.38;0.85;2.5;6.7;108.8;107.1
;Ryan Arcidiacono;Nyk;G;28.73;7;2.6;5.5;11.3;20;0;0;2;0;2;0;0;0;0;0.6;11.4;0.3;12.8;0.29;0;0.14;0;;
;Deni Avdija;Was;F;21.96;31;25.8;53.7;15.4;15.5;48;0.771;125;0.504;93;0.29;0.475;0.51;7.9;5.4;11.5;2.7;14;0.84;0.65;1.42;7.5;102.5;103.5
;Deandre Ayton;Pho;C;24.41;26;28.9;60.1;22.3;12.9;72;0.722;298;0.634;14;0.286;0.625;0.643;17;9.5;18.3;2.2;11.9;0.5;0.81;1.96;9.8;122.7;103.2
;Udoka Azubuike;Uta;C-F;23.26;12;3.9;8.2;13.9;19.2;6;0.333;10;0.9;0;0;0.9;0.791;1.7;1.6;22;0.3;9.2;0.17;0.25;0.25;9.6;;
;Marvin Bagley III;Det;F;23.77;19;22.3;46.5;19.5;9.8;36;0.75;137;0.599;23;0.304;0.578;0.603;11.2;6;14.8;0.6;4.3;0.68;0.74;1;6.2;119.2;109.7
;Patrick Baldwin Jr.;Gol;F;20.09;7;5.1;10.7;19.6;11.8;2;0.5;2;1;12;0.333;0.571;0.571;2.4;1;10.7;0.1;3.9;0.43;0;0.29;4.9;97.5;113.3
;LaMelo Ball;Cha;G;21.33;6;33.5;69.8;27.5;12.1;15;0.867;43;0.558;67;0.388;0.573;0.596;23.2;3.2;5;6.7;33.6;0.83;0.33;2.67;9.5;117;111.3
;Mo Bamba;Orl;C;24.61;25;19;39.5;17.1;9.7;41;0.683;79;0.595;71;0.38;0.583;0.604;8.1;5.5;16.5;1.1;8.7;0.28;0.96;0.72;7.7;121.8;101.8
;Paolo Banchero;Orl;F;20.1;24;34.8;72.6;28.3;13.1;205;0.761;287;0.491;95;0.316;0.487;0.559;22;6.8;11.1;3.9;18.3;0.92;0.58;2.96;9.6;110.1;109.6
;Desmond Bane;Mem;G;24.49;12;33.5;69.9;27.1;10.2;57;0.912;111;0.477;102;0.451;0.573;0.622;24.7;4.9;7.8;4.8;21.7;0.58;0.25;2.25;10;123.8;107.6
;Dalano Banton;Tor;F;23.12;22;10.1;21;24;10.4;17;0.824;62;0.5;43;0.302;0.481;0.511;5.2;1.5;8.2;1.2;18.2;0.55;0.55;0.59;8.3;106.8;105.1
;Dominick Barlow;San;F;19.57;4;6.4;13.3;14.2;0;4;1;4;0.75;3;0;0.429;0.571;2.5;0.8;6.6;0.8;15.6;0.25;0;0;7.3;142.4;111.4
;Harrison Barnes;Sac;F;30.55;28;31.5;65.6;16.7;11;144;0.833;139;0.619;104;0.308;0.551;0.633;13.9;5.4;9.8;1.9;8.1;0.82;0.14;1.36;6.6;123.1;111.3
;Scottie Barnes;Tor;F;21.38;27;33.7;70.3;21;14.4;68;0.75;261;0.498;95;0.326;0.496;0.523;15;6.8;11.4;4.7;21;0.85;0.74;2.41;9.3;107.4;112.1
;RJ Barrett;Nyk;F-G;22.51;30;34.4;71.7;25.5;11.6;168;0.768;322;0.475;163;0.301;0.467;0.521;19.4;5.5;8.5;2.8;12.6;0.57;0.2;2.43;7.8;104.3;108.8
;Will Barton;Was;G;31.95;29;22.8;47.5;18.9;11.9;33;0.818;126;0.381;112;0.366;0.46;0.487;8.5;3.1;7.5;2.8;17.2;0.55;0.31;1.17;7.4;99.6;112.9
;Charles Bassey;San;C-F;22.14;19;15.5;32.4;14.1;23.1;22;0.636;61;0.721;6;0.333;0.701;0.704;5.7;5.9;21.2;1.5;13.3;0.37;1.16;1.21;9.5;124.8;102.7
;Keita Bates-Diop;San;F;26.9;24;18.9;39.4;16.6;10.5;34;0.794;113;0.593;34;0.353;0.578;0.608;8.2;3;9;0.8;6.3;0.67;0.17;0.79;5.7;118.7;118.4
;Nicolas Batum;Lac;G-F;34.01;32;20.9;43.6;11.5;12.5;22;0.591;34;0.559;111;0.405;0.597;0.601;5.8;4.3;11.1;1.3;9;0.59;0.72;0.69;6.1;119.1;101.6
;Darius Bazley;Okc;F-G;22.52;21;16.9;35.2;15.8;8.9;35;0.514;77;0.468;31;0.355;0.486;0.498;5.9;3.9;12.1;1;8.3;0.57;1.19;0.57;6.7;106.1;107.7
;Bradley Beal;Was;G;29.48;19;34.9;72.6;27;13.2;92;0.87;225;0.596;91;0.341;0.571;0.619;23.2;3.6;5.7;5.3;24.9;1.11;0.58;2.84;8.7;116.9;113.3
;Malik Beasley;Uta;G;26.06;32;27.4;57.1;20.9;7.6;24;0.833;119;0.479;274;0.398;0.561;0.571;14.4;3.8;7.5;1.6;8.3;0.91;0.16;1.03;6.5;112.6;114.2
;MarJon Beauchamp;Mil;F;22.18;18;15.5;32.3;19.4;15.6;19;0.737;45;0.489;55;0.327;0.49;0.517;6.2;2.9;10;0.6;5.1;0.56;0.11;1.11;5.7;98.2;100
;Davis Bertans;Dal;F;30.1;11;7.5;15.7;20.1;8.2;6;0.833;6;0.333;25;0.36;0.5;0.535;3.3;0.7;5.7;0.4;7.2;0.09;0;0.27;5.2;106.3;101.3
;Patrick Beverley;Lal;G;34.44;22;26.2;54.6;9.9;14.1;25;0.76;35;0.429;70;0.271;0.414;0.457;4.8;3.7;7.5;2.5;11.9;0.86;0.5;0.86;5.4;100.9;104.5
;Saddiq Bey;Det;F;23.7;28;28.8;60;20.8;7.3;115;0.852;167;0.503;148;0.297;0.476;0.544;14.2;4;7.7;1.6;8.3;0.86;0.14;1.04;6.2;112.8;115.1
;Khem Birch;Tor;C;30.22;17;7.3;15.3;12;14.2;5;0.8;26;0.615;2;0.5;0.625;0.646;2.3;1.1;8.2;0.3;5.7;0.29;0.24;0.29;5;122.5;100.9
;Goga Bitadze;Ind;C-F;23.42;16;9.9;20.6;15.8;16.7;18;0.5;30;0.667;12;0.25;0.583;0.581;3.6;2.3;12.8;1;14.4;0.38;0.56;0.63;8.2;116.1;99.1
;Bismack Biyombo;Pho;C;30.31;24;13.3;27.7;13.6;23.5;28;0.393;66;0.576;0;0;0.576;0.555;3.6;3.6;15;0.8;8.2;0.25;1.42;1;6.6;100.9;99.6
;Buddy Boeheim;Det;F;23.1;1;1;2.1;0;;0;0;0;0;0;0;;;0;0;0;0;0;0;0;0;0;;
;Bojan Bogdanovic;Det;F;33.67;31;31.1;64.8;25.5;12.4;161;0.901;248;0.552;189;0.423;0.588;0.649;21.3;3.5;6.2;2.5;13.3;0.55;0.03;2.32;7.3;120.1;116.7
;Bogdan Bogdanovic;Atl;G;30.33;7;28.5;59.3;26.8;12.6;12;0.833;38;0.5;68;0.426;0.59;0.607;19.3;4.3;8.1;2;10.9;0.57;0.14;2.29;7.7;108.1;113.2
;Bol Bol;Orl;C-F;23.09;31;26.4;55;18.8;17.8;61;0.77;207;0.647;57;0.404;0.638;0.66;12.4;7.4;16.1;1.1;6.7;0.48;1.68;2.03;7.1;114.1;110
;Leandro Bolmaro;Uta;F;22.27;7;6.6;13.8;11.8;23.1;0;0;8;0.25;2;0;0.2;0.2;0.6;0.4;3.5;0.9;15.4;0.29;0.14;0.43;3.6;67.9;112.5
;Devin Booker;Pho;G;26.13;28;35.6;74.2;31.4;9.5;180;0.85;410;0.524;181;0.37;0.534;0.585;28;4.8;7.5;5.8;26.7;0.93;0.39;2.5;10.3;119.3;109
;Brandon Boston;Lac;G;21.06;13;9.6;19.9;26.1;6.7;19;0.789;43;0.349;18;0.444;0.443;0.497;5.3;1;5.7;0.7;11.6;0.23;0;0.38;6.5;103.6;107
;Chris Boucher;Tor;F-C;29.94;26;22.8;47.4;19.5;5.9;89;0.753;142;0.542;76;0.276;0.498;0.552;10.9;6.2;15.5;0.5;3.3;0.73;0.81;0.62;5.7;120.1;104.4
;James Bouknight;Cha;G;22.25;22;15.3;31.9;17.9;12.4;22;0.682;56;0.429;61;0.246;0.397;0.426;4.9;2.1;7.4;1.2;11.1;0.5;0.18;0.82;6;88.2;110.1
;Tony Bradley;Chi;C-F;24.95;9;2.8;5.9;15.2;11.3;2;1;3;0.667;4;0.5;0.714;0.761;1.3;1.1;22.4;0.1;5.6;0.11;0;0.11;7.5;;
;Malaki Branham;San;F;19.61;15;17;35.4;16.1;11.1;11;0.818;35;0.457;48;0.271;0.428;0.455;5.3;1.5;4.8;1.5;11.9;0.27;0.13;0.73;5.4;95.7;117.8
;Christian Braun;Den;G;21.67;27;14.1;29.4;10.9;9.4;18;0.556;52;0.5;27;0.296;0.481;0.495;3.2;2.1;8.8;0.6;4.8;0.3;0.15;0.33;4.5;107;112.1
;Mikal Bridges;Pho;F;26.3;30;36.6;76.3;17.3;7.1;70;0.9;246;0.512;141;0.404;0.547;0.582;16.2;5;7.6;3;11.5;1.27;0.83;1.07;6.8;122;110.9
;Oshae Brissett;Ind;F-G;24.5;26;15.6;32.6;14.8;9;55;0.727;42;0.5;65;0.369;0.533;0.587;5.9;2.9;10.3;0.4;3.7;0.69;0.19;0.5;4.9;116.6;108.5
;Malcolm Brogdon;Bos;G;30.02;26;23.9;49.7;23.8;14.2;68;0.868;153;0.503;106;0.462;0.581;0.623;13.8;4.1;9.5;3.7;23.5;0.54;0.31;1.85;9.9;118.9;108
;Dillon Brooks;Mem;G-F;26.91;26;31;64.7;26.1;9;76;0.776;251;0.446;181;0.354;0.481;0.51;18.3;3.7;6.3;2.9;13.9;0.81;0.15;1.77;7.5;105.8;105.1
;Greg Brown III;Por;F;21.3;9;7.4;15.3;18.2;18.2;8;0.25;14;0.5;5;0.2;0.447;0.422;2.1;1.2;9.5;0;0;0.44;0.56;0.56;0;72.5;101.6
;Troy Brown Jr.;Lal;G-F;23.39;26;23.4;48.8;12.4;12.8;17;1;77;0.532;72;0.306;0.497;0.527;6.3;4.2;9.4;0.8;4.5;0.73;0.12;0.88;4.7;102.3;108.9
;Bruce Brown;Den;G-F;26.34;29;30.2;62.8;16.2;15.3;35;0.8;170;0.535;92;0.413;0.565;0.584;11.2;4.3;8.3;4.3;18.7;0.97;0.62;1.72;7.8;116.2;110.4
;Jaylen Brown;Bos;G-F;26.15;29;35.8;74.6;31.1;12.5;154;0.812;370;0.584;207;0.338;0.556;0.595;26.4;7.4;11.5;3.5;16.8;1.17;0.48;3.17;9.8;110.2;105.2
;Kendall Brown;Ind;G;19.61;6;6.7;14;10.2;20.2;2;0.5;6;0.667;1;0;0.571;0.571;1.5;1;8.2;0.5;9.9;0.67;0;0.33;5.4;108.9;91.8
;Moses Brown;Lac;C;23.18;24;6.7;14;22.2;8.5;46;0.478;55;0.618;0;0;0.618;0.598;3.8;3;24.2;0.1;3.1;0.04;0.42;0.29;6.2;124.7;96.6
;Jalen Brunson;Nyk;G;26.3;30;32.1;66.8;26.1;10.3;149;0.893;347;0.504;126;0.373;0.519;0.579;20.8;3.2;5.2;6.2;31.3;1.17;0.17;2.07;9.3;121;108.1
;Thomas Bryant;Lal;C-F;25.39;15;16.3;33.9;18.8;7.3;41;0.683;69;0.739;14;0.429;0.723;0.732;9.9;4.6;15;0.7;7;0.27;0.6;0.53;7.8;142.2;103.8
;Reggie Bullock;Dal;G-F;31.76;29;27.7;57.6;9.2;7.4;21;0.714;25;0.44;117;0.325;0.479;0.499;5.2;3.2;6.9;0.9;4.5;0.72;0.1;0.41;3.6;104.1;108.2
;Alec Burks;Det;G;31.42;19;21.1;44;25.2;8.8;83;0.783;94;0.489;87;0.402;0.544;0.602;13.8;3;7.8;1.8;13.8;0.84;0.11;1.11;8;118.7;107.4
;John Butler Jr.;Por;F;20.04;4;3.9;8;8.5;0;0;0;1;1;2;0;0.333;0.333;0.5;0.5;7.4;0.3;8.5;0;0.25;0;4.3;;
;Jimmy Butler;Mia;F;33.26;20;35.2;73.2;24.3;9.9;154;0.818;239;0.556;41;0.366;0.555;0.628;21.9;6.8;11;5.9;28.7;1.85;0.4;1.9;10.9;129.6;107.1
;Jamal Cain;Mia;F;23.75;8;11.6;24.2;15.5;6.1;6;0.667;22;0.636;6;0.167;0.554;0.571;4.4;2.4;11.7;0.6;8.5;0.63;0;0.25;6.4;121.5;100.4
;Kentavious Caldwell-Pope;Den;G;29.83;28;31.1;64.8;14.3;11.1;39;0.795;113;0.487;127;0.457;0.592;0.612;11.3;3.1;5.7;2.2;9;1.11;0.39;1.14;5.5;117.7;113.1
;Facundo Campazzo;Dal;G;31.74;8;6.5;13.6;14.6;17.8;2;0.5;2;0;11;0.273;0.346;0.36;1.3;0.3;2.3;1.1;23.1;0.75;0;0.38;4.6;86.5;106.8
;Vlatko Cancar;Den;F;25.69;20;10.6;22;16.7;14.6;9;0.778;31;0.516;35;0.429;0.583;0.6;4.2;1.5;7.9;0.9;10.6;0.35;0.2;0.6;6.7;111.2;107
;Clint Capela;Atl;C;28.59;26;27.6;57.5;15.8;8.5;48;0.583;226;0.633;0;0;0.633;0.635;12.1;12;23.4;0.8;4.1;0.62;1.31;0.88;7.1;132.9;104.1
;Vernon Carey Jr.;Was;F-C;21.81;3;1.7;3.5;25.6;33.3;0;0;2;0;0;0;0;0;0;0.3;10.8;0;0;0;0;0.33;0;;
;Wendell Carter Jr.;Orl;C-F;23.68;15;32.8;68.4;21;16.4;69;0.826;117;0.59;52;0.346;0.568;0.624;16.6;9.1;15.8;3.3;15.7;0.53;0.53;2.6;9.7;118.1;105.4
;Jevon Carter;Mil;G;27.26;29;25.8;53.8;13.5;15;19;0.842;97;0.443;99;0.414;0.533;0.55;7.8;2.8;5.7;3.3;17.2;1.28;0.55;1.24;6.5;113;103.1
;Alex Caruso;Chi;G;28.81;28;25.5;53.2;10.4;22.7;36;0.75;52;0.5;65;0.354;0.517;0.557;5.3;2.7;6;3.8;18.6;1.54;0.68;1.39;5.9;109.6;106.3
;Justin Champagnie;Tor;G-F;21.47;3;3.6;7.6;11.7;0;0;0;3;1;0;0;1;1;2;1.3;20.9;0.3;16.2;0;0;0;10.2;;
;Julian Champagnie;Phi;F;21.47;2;3.4;7;13.3;0;0;0;1;0;1;0;0;0;0;0;0;0;0;0.5;0;0;0;;
;Kennedy Chandler;Mem;G;20.26;13;11.2;23.3;18.2;20.3;7;0.429;36;0.444;12;0.167;0.396;0.401;3.2;1.7;8;2.5;29.4;0.62;0.31;1;8.5;91.8;108
;Max Christie;Lal;G;19.85;13;12.7;26.4;11.2;6.9;4;0.75;12;0.333;27;0.444;0.564;0.577;3.6;2.5;10.3;0.4;3.9;0.23;0.15;0.23;4.8;113.6;110.5
;Josh Christopher;Hou;G;21.03;18;7;14.6;21.2;18.6;6;0.833;36;0.528;14;0.214;0.47;0.494;2.9;1.1;8.6;0.6;13.8;0.28;0.06;0.67;7.1;94;107.6
;Brandon Clarke;Mem;F;26.25;29;19.6;40.8;17.8;13.8;65;0.708;178;0.669;6;0.167;0.655;0.675;9.9;5.2;14;1.2;9;0.34;0.83;1.17;8.1;124.6;99.9
;Jordan Clarkson;Uta;G;30.53;31;32.5;67.7;27.1;13.7;101;0.822;276;0.518;241;0.344;0.517;0.55;19.9;3.8;6.4;4.6;21.8;0.42;0.32;2.87;8.7;108.7;115
;Nic Claxton;Bro;F-C;23.67;28;27.8;58;15.3;13.5;81;0.444;195;0.744;1;0;0.74;0.704;11.6;8.6;17.8;1.2;6.3;0.71;2.36;1.29;7.1;131.8;103.1
;Amir Coffey;Lac;G-F;25.51;26;15.3;31.8;12.8;11.1;41;0.805;60;0.4;26;0.346;0.436;0.519;4.2;1.2;4.4;1.2;11.1;0.23;0.08;0.5;4.8;111.1;107.1
;John Collins;Atl;F-C;25.24;22;31.5;65.6;16.3;11.2;58;0.845;140;0.621;73;0.219;0.521;0.568;12.3;7.5;12.8;1.3;5.5;0.91;1.41;1.36;6.3;110.8;104.1
;Zach Collins;San;F-C;25.08;18;20.8;43.4;19.5;25.1;26;0.731;82;0.634;38;0.316;0.583;0.605;8.8;5.8;15.5;2.9;20.2;0.56;1;2.44;10.2;105.9;100.9
;Mike Conley;Uta;G;35.19;21;29;60.4;16;13.8;43;0.721;77;0.416;104;0.356;0.483;0.515;9.8;2.1;4.1;7.4;33.4;1.05;0.24;1.52;7.4;119.7;112.9
;Pat Connaughton;Mil;G;29.95;13;19.1;39.8;18;6.6;11;0.818;25;0.44;69;0.275;0.42;0.445;6.8;3.4;9.3;0.7;5;0.62;0.15;0.54;5.3;96.5;106.5
;Robert Covington;Lac;F;32.01;19;16.2;33.8;16.6;12.8;17;0.824;35;0.486;60;0.317;0.479;0.512;5.5;3.7;12.3;1.2;10.8;0.53;0.68;0.79;7.2;102.4;96.7
;Torrey Craig;Pho;F;32;27;24.2;50.4;13.3;9.2;17;0.824;85;0.565;94;0.372;0.561;0.576;8;5.1;11.7;1.5;8.3;0.67;0.7;0.7;6.5;123.1;105.9
;Jarrett Culver;Atl;G-F;23.83;10;13.7;28.5;17.1;12.6;13;0.692;31;0.516;12;0.083;0.407;0.452;4.4;3.8;15;0.6;5.8;0.6;0.2;0.7;6.3;95.7;103.2
;Cade Cunningham;Det;G;21.23;12;33.4;69.5;29.9;13.8;43;0.837;163;0.466;61;0.279;0.453;0.492;19.9;6.2;10.2;6;30.7;0.83;0.58;3.25;10.8;99.9;111.3
;Seth Curry;Bro;G;32.32;20;21.7;45.3;17.4;12.4;15;0.933;60;0.483;82;0.402;0.553;0.575;8.6;2.1;5.6;2.2;13.8;0.55;0.2;1.05;6.3;109.5;109.7
;Stephen Curry;Gol;G;34.76;26;34.4;71.6;31.1;12.2;135;0.919;222;0.59;302;0.434;0.625;0.668;30;6.6;10.6;6.8;33.3;1.04;0.35;3.12;12.8;125.6;110.4
;Dyson Daniels;Nor;G;19.76;21;20.4;42.6;11.6;15.4;22;0.682;55;0.564;34;0.412;0.584;0.603;5.7;3.6;9.9;2.3;14.6;0.76;0.24;0.86;7.1;120.5;101.8
;Anthony Davis;Lal;F-C;29.78;25;33.4;69.6;28.5;8.3;201;0.826;399;0.617;31;0.29;0.603;0.661;27.4;12.1;19.1;2.6;13.8;1.32;2.12;1.88;11.4;130.9;102.8
;Johnny Davis;Was;G;20.81;8;5.7;11.8;12.8;7.5;3;1;9;0.333;2;0;0.273;0.365;1.1;0.6;6.1;0.3;5.6;0;0.13;0.13;4.1;84.5;91.8
;JD Davison;Bos;G;20.21;3;2.8;5.9;25.8;20;0;0;2;0.5;2;0;0.25;0.25;0.7;0.3;6.5;0.3;15.8;0.33;0;0.33;5.7;;
;Terence Davis;Sac;G;25.59;24;13.7;28.6;22.4;12.7;16;0.875;48;0.583;96;0.385;0.58;0.599;7.5;2.8;11.8;1.4;14.7;0.71;0.25;0.92;9;111.8;98.5
;Dewayne Dedmon;Mia;C;33.35;25;12.3;25.5;22.2;10.4;40;0.725;85;0.588;35;0.314;0.554;0.589;6.5;3.7;17.3;0.6;8.2;0.2;0.48;0.64;7.9;115;93.6
;Matthew Dellavedova;Sac;G;32.28;13;7.5;15.7;13.2;19.8;3;0.333;13;0.308;10;0.3;0.37;0.37;1.4;0.4;2.9;1.5;25.2;0.46;0;0.46;5;91.8;103.6
;DeMar DeRozan;Chi;G-F;33.37;29;35.3;73.6;28.9;8.8;239;0.891;478;0.521;42;0.31;0.516;0.6;25.9;5;8;4.7;21.7;0.83;0.41;2.07;9.6;120;109.7
;Moussa Diabate;Lac;F;20.91;8;11.3;23.5;15.9;15.2;9;0.778;24;0.542;0;0;0.542;0.59;4.1;4;19.2;0.3;3.3;0.38;0.13;0.63;6;126.4;100.7
;Mamadi Diakite;Cle;F;25.91;11;7.5;15.7;14.1;19.2;0;0;9;0.667;12;0.333;0.571;0.571;2.2;1;7.9;0.2;3.4;0.18;0.45;0.45;4.1;97.4;97.2
;Hamidou Diallo;Det;G;24.39;25;15.2;31.6;18.9;12.4;55;0.636;111;0.523;13;0.154;0.492;0.53;6.3;2.8;10.2;0.9;9.2;0.52;0.2;0.84;6.6;106.1;105.7
;Gorgui Dieng;San;C;32.92;12;11.8;24.5;17;20.8;4;0.75;13;0.692;31;0.29;0.511;0.524;4;3.3;15.5;1.8;21;0.08;0.42;1;9.7;105.8;105.1
;Ousmane Dieng;Okc;F;19.58;14;15.7;32.7;12.8;10.3;4;0.25;25;0.6;34;0.294;0.508;0.502;4.4;2.9;9.5;1.4;11.9;0.36;0.29;0.5;6.7;106.2;111.4
;Spencer Dinwiddie;Dal;G;29.7;29;31.4;65.4;22.2;11;79;0.823;179;0.514;184;0.413;0.567;0.6;16.4;3.3;6.3;5.3;27.2;0.97;0.28;1.69;8.4;121;109.2
;Donte DiVincenzo;Gol;G;25.88;23;20.5;42.8;15.1;19.3;20;0.8;43;0.419;86;0.372;0.512;0.537;6.4;4.1;11.1;2.7;16.8;1.17;0.09;1.43;8.1;106.4;105.1
;Luka Doncic;Dal;F-G;23.81;27;36.6;76.3;38;11.8;277;0.729;386;0.588;225;0.347;0.563;0.607;33;8.3;13.5;8.7;47.8;1.59;0.63;3.63;14.6;120.9;104.4
;Tyler Dorsey;Dal;G;26.84;2;3.5;7.2;32.8;0;0;0;3;1;2;0.5;0.9;0.9;4.5;1;17.2;0;0;0;0;0;0;;
;Luguentz Dort;Okc;G;23.67;29;30.3;63.1;20.6;10.1;97;0.753;192;0.464;156;0.327;0.476;0.517;13.9;4.5;7.7;2.5;11.4;1.03;0.34;1.52;7.1;107.2;107
;Ayo Dosunmu;Chi;G;22.92;27;26.8;55.8;15.9;14.7;27;0.852;135;0.607;79;0.329;0.565;0.587;9.8;3.1;6.7;2.8;14.7;0.63;0.33;1.44;6.6;110.6;108.9
;Devon Dotson;Was;G;23.38;5;10;20.8;10.5;25;0;0;6;0;3;0.333;0.167;0.167;0.6;2;11.1;1.4;16.8;0.8;0;0.6;4.8;82.3;96.5
;Jeff Dowtin Jr.;Tor;G;25.61;9;7.4;15.5;12.3;5.1;1;1;14;0.571;4;0.25;0.528;0.542;2.2;1.1;8.5;0.9;16.9;0;0.11;0.11;7;128.1;114.3
;Goran Dragic;Chi;G;36.62;27;17.3;35.9;21.9;14;34;0.647;111;0.477;77;0.39;0.521;0.537;8.1;1.6;5.2;3.4;28.4;0.22;0.15;1.22;8.2;108.4;111
;Andre Drummond;Chi;C;29.36;22;13.9;28.9;20.9;17.6;34;0.588;105;0.571;2;0;0.561;0.574;6.4;7.1;29.1;0.9;9.3;0.64;0.36;1.18;9.9;113.1;94
;Chris Duarte;Ind;G;25.52;10;19.1;39.8;20.1;9.7;17;0.765;36;0.472;40;0.325;0.48;0.515;8.6;2.1;6;0.9;6.8;0.1;0.4;0.9;5.3;99.8;111.4
;David Duke Jr.;Bro;G;23.18;14;9;18.8;21.1;21.8;8;0.5;37;0.514;6;0;0.442;0.451;3;1.1;6.8;0.9;13.2;0.36;0.07;0.93;6.4;84.5;98.6
;Kevin Durant;Bro;F;34.22;30;36.7;76.5;31.7;13.7;224;0.929;436;0.631;141;0.362;0.609;0.674;30.4;6.6;10.3;5.3;24.8;0.73;1.63;3.57;11.1;122.8;109.8
;Jalen Duren;Det;C;19.09;29;23;47.9;12.5;16.7;57;0.544;138;0.616;1;0;0.612;0.613;6.9;8;19.3;0.7;4.6;0.62;0.83;1.14;5.9;121.7;106.8
;Tari Eason;Hou;F;21.61;29;18.7;38.9;20.3;9.4;42;0.857;165;0.448;58;0.362;0.473;0.511;8.5;5.3;15.5;0.8;7;1.24;0.48;0.86;7.1;111.4;102.8
;Anthony Edwards;Min;G;21.37;30;36.4;75.9;27.2;13.6;158;0.747;327;0.517;212;0.363;0.528;0.564;22.9;5.9;8.9;4.3;17.9;1.87;0.37;3.2;9.2;106.2;108.2
;Kessler Edwards;Bro;F;22.36;13;5.7;11.9;16.2;14.9;2;0.5;11;0.364;11;0.182;0.318;0.328;1.2;1.1;10.9;0.2;3.4;0.23;0.08;0.31;4.5;76.2;113.5
;Keon Ellis;Sac;G;22.95;3;3;6.3;4.7;0;0;0;0;0;1;0;0;0;0;0.7;12.6;0.3;12.5;0;0;0;0;;
;Joel Embiid;Phi;C-F;28.76;20;35.6;74.1;37.7;14;238;0.849;348;0.572;65;0.338;0.562;0.643;33.3;9.9;16.2;4.7;25.8;1.2;1.6;4.2;13;119.8;101.3
;Drew Eubanks;Por;F-C;25.88;28;17.2;35.8;11.7;17.1;35;0.686;89;0.753;2;0.5;0.753;0.757;5.8;4;13.1;0.8;6.9;0.39;0.96;0.79;6.2;136.6;104.8
;Bruno Fernando;Hou;F-C;24.35;12;11.9;24.8;14.7;13.7;16;0.625;36;0.639;1;0;0.622;0.636;4.7;4.3;19.3;1.3;16.2;0.33;0.83;0.58;10;132;96.2
;Dorian Finney-Smith;Dal;F;29.63;30;31.8;66.2;12.5;10.6;23;0.652;61;0.557;165;0.339;0.522;0.532;8.4;4;7.5;1.2;5.2;0.97;0.53;0.93;4.3;107.6;110.6
;Malachi Flynn;Tor;G;24.61;18;13.4;27.8;20.7;9.3;13;0.846;51;0.373;50;0.48;0.545;0.567;6.7;1.4;6.2;1.2;13.2;0.44;0.06;0.61;6.7;114.6;106.7
;Simone Fontecchio;Uta;F;27.03;17;9.8;20.5;19.9;12.6;14;0.643;19;0.474;44;0.386;0.548;0.564;4.6;1.4;7.9;0.5;6.6;0.12;0.24;0.59;6;108.6;112.4
;Bryn Forbes;Min;G;29.41;16;10.5;21.9;17.4;8.7;7;1;29;0.448;31;0.258;0.417;0.452;3.6;0.5;2.6;0.7;8.6;0.44;0;0.38;4.1;94.4;113.6
;Trent Forrest;Atl;G;24.52;13;15.1;31.4;10.8;13.9;3;0.667;40;0.5;2;0;0.476;0.485;3.2;1.8;6.6;2;17;0.46;0.15;0.54;6;107.8;110.5
;Michael Foster Jr.;Phi;F;19.92;1;1;2.1;0;;0;0;0;0;0;0;;;0;0;0;0;0;0;0;0;0;;
;Evan Fournier;Nyk;G-F;30.14;13;20;41.6;17.5;12.9;11;0.818;33;0.364;57;0.333;0.45;0.474;6.9;2.1;5.5;1.7;11.6;0.69;0.23;1.08;5.8;96.3;104.5
;De'Aaron Fox;Sac;G;25;25;32.3;67.3;28.7;12;129;0.798;291;0.557;131;0.351;0.547;0.59;22.6;5;8.8;5.8;28.7;1.04;0.44;2.6;10.8;114.9;107.3
;Markelle Fultz;Orl;G;24.56;10;26.4;55;21.3;20.9;16;0.813;83;0.458;12;0.417;0.479;0.51;10.4;3.5;7.6;4.7;27.5;1.4;0.3;2.7;8.4;100.9;106.3
;Wenyen Gabriel;Lal;F;25.73;20;13.6;28.2;14.1;15.4;22;0.818;54;0.667;13;0.308;0.627;0.665;5.1;3.7;14.2;0.7;6.6;0.55;0.5;0.7;7;126.7;100.5
;Daniel Gafford;Was;F-C;24.22;31;14.3;29.9;15.9;16.1;59;0.593;110;0.736;0;0;0.736;0.724;6.4;4.3;16.6;0.5;4.7;0.35;1.1;0.84;6.7;131;103.6
;Darius Garland;Cle;G;22.9;25;36.2;75.5;27.1;14.4;120;0.883;256;0.453;161;0.379;0.498;0.554;20.8;2.8;4.5;8;35.3;1.44;0.2;3.16;8.6;112.7;106
;Usman Garuba;Hou;F;20.78;27;14.8;30.9;9.8;19.9;28;0.536;51;0.549;13;0.538;0.602;0.603;3.4;4.9;17.9;1.1;10;0.85;0.67;0.7;7.1;122.2;102.3
;Luka Garza;Min;C;23.98;5;4.4;9.1;20.8;9.3;4;0.75;6;0.833;2;0;0.625;0.666;2.6;1.4;17.7;0.6;20.8;0;0;0.2;11.8;136.9;102
;Rudy Gay;Uta;F-G;36.34;18;15.8;32.9;16;11.1;8;0.5;43;0.512;50;0.22;0.414;0.42;4.5;3.3;11.4;0.8;6.9;0.5;0.5;0.67;5.8;89.8;108.5
;Paul George;Lac;F;32.63;22;34.1;71.1;30.3;14.6;111;0.874;231;0.498;166;0.38;0.528;0.579;23.5;6.3;10;4.9;25.2;1.41;0.45;3.45;10.5;108.9;103
;Taj Gibson;Was;F;37.49;18;7;14.5;17.4;12;14;0.786;27;0.481;11;0.273;0.461;0.521;2.6;1.3;10.1;0.4;7.7;0.33;0.17;0.33;6.3;106.9;97.1
;Josh Giddey;Okc;G;20.19;26;30.9;64.3;23.9;18.2;38;0.737;278;0.496;82;0.317;0.492;0.507;14.7;8.1;13.8;5.5;26.2;0.62;0.46;3.23;11.2;99.8;108.7
;Shai Gilgeous-Alexander;Okc;G-F;24.44;27;35.7;74.3;33.2;12;271;0.93;474;0.534;83;0.337;0.53;0.623;31.2;4.7;6.9;5.8;27.8;1.7;0.96;3.41;10.6;121.4;109.6
;Anthony Gill;Was;F;30.17;26;11.2;23.3;9.7;7.7;15;0.867;39;0.718;14;0.143;0.585;0.629;2.9;1.5;7.6;0.5;6;0.19;0.19;0.19;4.6;132.4;106.9
;Rudy Gobert;Min;C;30.48;26;31.1;64.7;16.2;13.6;131;0.702;207;0.662;3;0;0.652;0.684;14.1;12.2;21.7;0.9;4;0.85;1.23;1.62;6.9;131.6;102.8
;Jordan Goodwin;Was;G;24.16;24;22.2;46.3;15.8;13.4;33;0.727;106;0.519;47;0.404;0.546;0.57;8;4.2;10.3;3.3;20.4;1.29;0.58;1.08;8.7;119;107.1
;Aaron Gordon;Den;F;27.26;26;29.6;61.6;20.7;11.1;111;0.658;206;0.689;72;0.389;0.662;0.675;17;6.4;12.6;2.1;10.3;0.88;0.77;1.58;8.3;128.8;111.7
;Eric Gordon;Hou;G;33.98;25;29.5;61.5;17.2;15.3;54;0.852;100;0.53;136;0.353;0.53;0.57;11.8;2;3.6;2.4;12.1;0.64;0.4;1.88;5.2;109.4;119
;Devonte' Graham;Nor;G;27.82;29;15.2;31.6;15.5;11.2;31;0.806;24;0.417;105;0.362;0.519;0.557;5.5;1.5;5.6;2.1;17.5;0.48;0.24;0.62;6.8;117.6;109.5
;Jerami Grant;Por;F;28.77;28;35.7;74.4;24.1;9.4;172;0.797;256;0.488;168;0.446;0.56;0.612;21.9;4;6.4;2.6;11.7;0.75;0.82;1.86;6.8;120.4;111.7
;A.J. Green;Mil;G;23.23;12;5.8;12;16.6;7.3;3;1;5;0.8;19;0.474;0.729;0.75;3.2;0.7;6.1;0.3;8.7;0.08;0;0.17;6;142.3;97.3
;Draymond Green;Gol;F;32.79;27;31;64.6;13;26.5;40;0.7;130;0.608;44;0.318;0.575;0.595;8.4;6.1;11;6.6;27.6;0.78;0.74;2.56;9;114.7;106.7
;JaMychal Green;Gol;F-C;32.5;28;14.9;31.1;17.1;18.8;30;0.733;76;0.671;49;0.265;0.564;0.59;5.8;4;14.8;0.8;6.9;0.46;0.36;1.14;7.1;108.7;101.8
;Jalen Green;Hou;G;20.86;29;34.4;71.8;28.1;13.1;170;0.794;309;0.482;207;0.309;0.475;0.529;21.6;4.2;6.6;3.8;18.3;0.79;0.28;3.07;8.2;106.2;115.2
;Javonte Green;Chi;G-F;29.41;25;16.1;33.6;13.9;13.9;35;0.657;65;0.677;31;0.387;0.646;0.66;5.9;3.1;10.8;0.8;6.5;0.84;0.68;0.72;6.1;123.1;104.6
;Jeff Green;Den;F;36.31;22;19.3;40.1;16.5;13;45;0.756;94;0.585;27;0.296;0.554;0.597;7.6;2.9;8.6;1.2;8.1;0.32;0.27;0.95;6.2;116.2;110.8
;Josh Green;Dal;G;22.09;25;20.3;42.3;12.6;12.8;45;0.711;49;0.735;54;0.444;0.699;0.717;7;2.3;6.7;1.2;8.3;0.92;0.04;0.72;5.3;135.3;103.2
;AJ Griffin;Atl;F;19.32;26;21.4;44.5;19.7;8.4;14;0.857;109;0.578;124;0.355;0.554;0.564;10.4;2.1;5.3;1;6.5;1;0.12;0.85;5.2;110.4;112.2
;Blake Griffin;Bos;F;33.76;14;15.9;33.2;13.8;8.5;21;0.714;32;0.625;23;0.348;0.582;0.615;5.6;4.2;14.7;1.3;11;0.21;0.07;0.43;7.9;131.5;99.5
;Quentin Grimes;Nyk;G;22.61;20;24.7;51.5;12.6;13.4;22;0.818;45;0.667;75;0.373;0.6;0.625;8.1;3.4;7.2;1.8;9.7;0.7;0.5;1;5.9;120.8;104.8
;Rui Hachimura;Was;F;24.86;16;23.5;48.9;22.4;11.4;29;0.724;122;0.525;36;0.333;0.519;0.542;11.6;4.8;11.3;1.1;6.9;0.38;0.5;1.38;6.7;101;112.6
;Tyrese Haliburton;Ind;G;22.8;29;33.4;69.7;23.7;14.3;89;0.876;226;0.549;208;0.385;0.562;0.598;19.5;4;6.6;10.7;50.1;1.72;0.41;2.72;11.3;124.7;115.1
;Jordan Hall;San;G;20.93;9;9.1;19;19.7;18;9;0.778;13;0.462;15;0.2;0.375;0.438;3.1;1.3;8.2;1.2;17.6;0.11;0;0.78;7.4;91.3;116
;R.J. Hampton;Orl;G;21.86;21;15.6;32.4;18.3;13.8;31;0.871;56;0.518;49;0.347;0.519;0.573;6.5;1.6;5.9;1.5;14.6;0.76;0.19;0.9;6.4;112.8;111.2
;Tim Hardaway Jr.;Dal;G-F;30.76;29;26.2;54.6;23;7.5;69;0.783;107;0.411;220;0.359;0.497;0.53;13.1;2.7;6.2;1.7;10;0.97;0.14;1;6;105.2;110.8
;James Harden;Phi;G;33.32;14;37.6;78.4;26.6;16.5;94;0.872;119;0.496;102;0.373;0.525;0.598;22.4;6.6;10.2;10.6;44.6;1.36;0.57;3.71;12.4;120.2;106.3
;Jaden Hardy;Dal;G;20.46;9;7.1;14.8;33.2;6.4;9;1;28;0.464;12;0.083;0.363;0.432;4.2;0.9;7.4;0.3;8;0.11;0.22;0.33;5.9;86.9;101.5
;Ron Harper Jr.;Tor;F;22.69;2;3.9;8.1;21.7;0;0;0;1;0;3;0.667;0.75;0.75;3;0.5;7.3;0;0;0;0;0;0;;
;Montrezl Harrell;Phi;F-C;28.9;24;11.6;24.3;17.1;12.1;50;0.72;72;0.528;0;0;0.528;0.596;4.7;2.8;14.3;0.6;7.9;0.21;0.46;0.54;6.9;122.2;103.2
;Gary Harris;Orl;G;28.26;6;25.8;53.7;16.8;15.1;6;1;25;0.52;23;0.435;0.583;0.612;10.3;2.7;5.9;2;11.7;0.67;0.33;1.5;5.9;114.4;110.3
;Joe Harris;Bro;G-F;31.29;28;25.9;54;14.2;6.9;17;0.706;67;0.507;140;0.371;0.541;0.55;8.4;2.9;6.3;1.6;8.4;0.61;0.32;0.57;5.2;111;108.4
;Kevon Harris;Orl;G;25.49;23;11.9;24.9;14.8;16.1;26;0.846;43;0.395;24;0.375;0.455;0.529;3.6;2;9.8;0.4;5.1;0.39;0.04;0.65;4.8;106.7;106.4
;Tobias Harris;Phi;F;30.43;25;34.4;71.6;20.5;8.9;48;0.854;203;0.537;136;0.404;0.565;0.589;17;6.4;10.8;3;13.7;1.32;0.52;1.4;8;116.1;105.4
;Tobias Harris;Phi;F;30.43;25;34.4;71.6;20.5;8.9;48;0.854;203;0.537;136;0.404;0.565;0.589;17;6.4;10.8;3;13.7;1.32;0.52;1.4;8;116.1;105.4
;Isaiah Hartenstein;Nyk;C-F;24.62;30;20.3;42.3;12.7;14;29;0.793;122;0.582;25;0.24;0.544;0.573;6.1;7;18.2;0.8;5.7;0.7;0.9;0.87;6.4;122.8;99.1
;Josh Hart;Por;G;27.79;28;34.5;71.8;12.4;16.4;62;0.726;148;0.541;54;0.37;0.545;0.578;9.5;8.4;13.8;3.8;15.3;1.36;0.11;1.61;7.8;120.8;106.5
;Udonis Haslem;Mia;F;42.53;5;7;14.6;13.7;0;2;0.5;9;0.111;1;0;0.1;0.138;0.6;1.2;9.8;0;0;0.2;0.2;0;0;52.2;92.9
;Sam Hauser;Bos;F;25.03;31;16.1;33.6;14.1;5;9;0.778;18;0.778;131;0.42;0.648;0.654;6.5;2.5;8.4;0.7;6.1;0.23;0.23;0.26;5.6;127.2;107.2
;Jaxson Hayes;Nor;C-F;22.57;10;7.3;15.3;14;16.6;7;0.571;8;0.375;9;0;0.176;0.249;1;1.7;13;0.5;8.1;0.3;0.1;0.4;5.2;65.3;103
;Killian Hayes;Det;G;21.4;32;24.9;51.9;19.4;14.8;29;0.793;192;0.406;106;0.321;0.433;0.452;8.8;2.8;6.2;5.3;31.3;1.06;0.41;1.69;8.2;100.5;107.5
;Gordon Hayward;Cha;F;32.74;13;32.2;67.1;22;14.5;51;0.745;116;0.466;50;0.38;0.497;0.539;15.6;4.6;7.6;4.3;20;0.69;0.31;2.46;8.4;105.6;116.5
;Juancho Hernangomez;Tor;F;27.23;19;18.9;39.4;10.1;12.8;11;0.455;32;0.719;38;0.316;0.586;0.581;4.6;4.2;12.7;0.8;5.6;0.53;0.21;0.58;5.3;115.1;108.9
;Willy Hernangomez;Nor;C-F;28.56;12;8.9;18.5;25;19.2;24;0.833;35;0.543;5;0.2;0.513;0.603;5.1;3.4;21.6;0.6;9.4;0.33;0.17;1;9.8;113.6;100.4
;Tyler Herro;Mia;G;22.91;23;34.9;72.7;25.9;13;73;0.904;189;0.503;187;0.412;0.56;0.597;21.2;6.3;10.2;4.2;20.8;0.87;0.48;2.65;9.5;110.6;107.6
;Buddy Hield;Ind;G;30;31;31.9;66.5;22.4;13;49;0.857;154;0.545;287;0.394;0.575;0.593;17.7;4.6;8;2.6;12.8;0.97;0.32;2.23;7.5;108.7;112.4
;Haywood Highsmith;Mia;F;26.03;20;19;39.5;11.9;12.7;14;0.357;41;0.341;42;0.31;0.404;0.404;3.6;4.1;12.3;0.8;5.8;0.8;0.35;0.65;4.8;88.8;104.7
;George Hill;Mil;G;36.63;29;19.7;41.1;11.4;16.8;42;0.714;50;0.56;60;0.317;0.514;0.557;4.9;2.2;5.8;2.6;17.3;0.41;0.1;0.9;6.2;115.8;107.4
;Malcolm Hill;Chi;F;27.15;3;0.4;0.8;0;;0;0;0;0;0;0;;;0;0.3;47.2;0;0;0;0;0;0;;
;Aaron Holiday;Atl;G;26.22;26;18.1;37.7;13.5;13.9;23;0.826;77;0.429;43;0.419;0.5;0.534;5.3;1.6;4.8;1.7;11.8;0.81;0.19;0.81;5.4;108.1;107.5
;Jrue Holiday;Mil;G;32.52;22;32.7;68;26.3;15.8;57;0.895;215;0.516;137;0.365;0.528;0.561;19.2;5.2;8.4;7.4;36.3;1.5;0.41;3.23;11.1;112.9;105.2
;Justin Holiday;Atl;F-G;33.71;23;16.6;34.6;13.9;9.5;0;0;35;0.486;79;0.342;0.504;0.504;5;0.8;2.7;0.9;6.8;0.22;0.39;0.52;3.7;99;110.8
;Richaun Holmes;Sac;F;29.18;16;8.8;18.3;12.1;12.6;6;0.667;29;0.69;3;0.667;0.719;0.722;3.1;1.8;11.8;0.1;1;0.13;0.06;0.31;3.7;129.9;101.1
;Al Horford;Bos;C-F;36.55;22;30.9;64.4;11.7;8.8;8;0.625;61;0.639;101;0.446;0.657;0.659;9.9;6.2;11.2;2.6;11.6;0.41;1.09;0.73;7;131.1;107.9
;Talen Horton-Tucker;Uta;G;22.06;29;16.5;34.3;22.7;14;41;0.732;120;0.492;84;0.238;0.436;0.468;7.2;2.7;9;2.4;20.8;0.79;0.38;1.24;8.7;99.2;108.4
;Danuel House Jr.;Phi;F-G;29.53;23;18.3;38.1;11.1;12.4;29;0.759;33;0.667;46;0.348;0.582;0.621;5;2;6.4;0.7;5.6;0.26;0.22;0.57;4.2;115.4;107.6
;Caleb Houstan;Orl;G;19.94;21;18.6;38.8;10.2;6.5;13;0.846;23;0.391;57;0.351;0.488;0.519;4.2;2.6;8;0.8;5.5;0.19;0.1;0.29;4.4;115.5;109.5
;Trevor Hudgins;Hou;G;23.74;1;3.8;7.9;10.9;0;0;0;0;0;1;1;1.5;1.5;3;0;0;0;0;0;0;0;0;;
;Kevin Huerter;Sac;G-F;24.31;27;31.8;66.3;18.8;11.1;60;0.683;121;0.562;189;0.413;0.597;0.611;15.2;3.2;5.7;3.2;14.3;1.11;0.33;1.56;6.8;115.7;108.9
;De'Andre Hunter;Atl;F-G;25.05;25;30.4;63.3;21;9.2;92;0.826;204;0.49;100;0.36;0.507;0.557;15.4;3.8;6.8;1.2;5.4;0.32;0.16;1.4;5.4;108.6;109
;Bones Hyland;Den;G;22.26;21;21.1;44;29.2;12;51;0.824;111;0.387;131;0.412;0.512;0.548;13.8;2.1;5.9;3.3;22.7;0.67;0.38;1.71;8.7;108.3;111.8
;Serge Ibaka;Mil;F;33.25;15;11.3;23.6;15.1;13.2;13;0.615;32;0.563;15;0.4;0.574;0.588;4.1;2.8;13;0.3;3.3;0;0.4;0.53;5.3;112.8;100.1
;Brandon Ingram;Nor;F;25.3;15;32.1;66.8;27.1;13.7;76;0.868;171;0.474;60;0.467;0.532;0.59;20.8;5.1;8.9;4.7;22;0.87;0.67;2.8;9.9;113.2;106.6
;Kyrie Irving;Bro;G;30.74;22;36.6;76.3;29.3;9.8;96;0.917;254;0.598;181;0.337;0.56;0.602;26.1;4.8;7.5;4.5;20.1;0.82;1;2.36;9;116;110.7
;Jaden Ivey;Det;G;20.85;28;30.1;62.8;24.4;15;118;0.72;233;0.472;128;0.297;0.463;0.507;15;4.3;7.9;3.9;20.3;1.04;0.29;2.61;8.4;100.7;110.9
;Jaren Jackson Jr.;Mem;F-C;23.26;13;25.4;53;24.4;10.2;67;0.761;85;0.6;62;0.371;0.582;0.629;17.1;6.3;13.1;0.5;3.1;0.85;3.08;1.54;5.9;121.1;100.7
;Isaiah Jackson;Ind;F;20.94;27;16.2;33.7;17.6;14.1;68;0.691;123;0.569;6;0.167;0.554;0.598;7;4.3;14.7;1;9.4;0.52;1.19;0.96;7.7;117.7;101.4
;Justin Jackson;Bos;F;27.73;12;5.1;10.7;10;7.1;0;0;2;0;11;0.182;0.231;0.231;0.5;0.6;6.3;0.3;7.8;0.17;0.17;0.08;3.5;62.4;109.8
;Reggie Jackson;Lac;G;32.68;29;29.3;61;21.3;16.2;51;0.902;193;0.446;132;0.356;0.482;0.517;12.4;2.6;4.8;4;21.1;0.69;0.1;2.31;6.9;100.4;107.6
;LeBron James;Lal;F;37.97;22;36.3;75.5;31.5;11.4;107;0.71;325;0.569;157;0.312;0.536;0.56;27;8.5;12.5;6.5;30.5;1.23;0.59;3.09;12.6;110.2;108.1
;Ty Jerome;Gol;G-F;25.45;15;14.9;31.1;13.1;10;16;0.938;31;0.581;25;0.4;0.589;0.642;5.4;1.4;5.2;2;17.6;0.13;0.07;0.47;6.6;131.5;112.5
;Isaiah Joe;Okc;G;23.47;23;11.1;23.2;20;10.5;21;0.857;18;0.556;83;0.458;0.663;0.689;6.6;1.8;8.6;1;13;0.48;0.09;0.57;8.2;128.1;104.9
;Alize Johnson;San;F;26.66;4;7.4;15.4;15.4;36.8;2;0.5;4;0.75;2;0;0.5;0.509;1.8;2.5;19;0.3;4.4;0.25;0;1;6;73.7;107.3
;Cameron Johnson;Pho;F;26.79;8;25.3;52.7;18.8;2.2;11;0.727;32;0.469;51;0.431;0.578;0.592;13;3.4;7.4;1.8;9.8;1.13;0.38;0.25;6.8;126.7;108.9
;Jalen Johnson;Atl;F;21;28;16.4;34.1;14.1;10.4;23;0.696;82;0.573;46;0.217;0.484;0.507;5;3.7;12.3;1;8.3;0.54;0.5;0.57;6.5;105.8;103.4
;James Johnson;Ind;F;35.83;7;8.9;18.5;12;11.1;0;0;9;0.556;7;0.143;0.406;0.406;1.9;1.1;7.1;0.7;10.7;0.14;0.29;0.29;5.1;86.2;91.7
;Keldon Johnson;San;F-G;23.19;27;32.6;68;28.8;10.3;126;0.738;284;0.458;207;0.348;0.485;0.521;21.1;5.2;8.9;2.9;13.8;0.78;0.11;2.33;8.4;102.8;116.5
;Keon Johnson;Por;G;20.78;11;13.8;28.8;25.8;21.2;8;0.375;31;0.452;36;0.333;0.478;0.475;6.1;2;8.3;1.4;15;0.45;0.18;1.73;7.5;83.7;107.6
;Stanley Johnson;San;F-G;26.56;2;3.4;7.1;24.5;25;0;0;2;0.5;1;0;0.333;0.333;1;0.5;8.2;1;40.7;0;0;0.5;9.3;;
;Nikola Jokic;Den;C;27.83;26;32.9;68.5;28.7;16.7;182;0.802;327;0.682;66;0.318;0.648;0.692;25.2;10.9;19.2;9;44.4;1.5;0.69;3.65;16.4;132.3;105.5
;Derrick Jones Jr.;Chi;F;25.84;24;13.7;28.6;15.6;7.6;36;0.833;63;0.571;31;0.355;0.559;0.615;5.6;2.4;9.8;0.5;5.4;0.54;0.71;0.38;5.5;126.8;106.7
;Damian Jones;Lal;C;27.47;15;9.1;19;14.2;17.3;14;0.786;30;0.6;2;0;0.563;0.616;3.1;2.8;16.3;0.3;3.9;0.13;0.53;0.53;6;118.6;103.9
;Herbert Jones;Nor;F;24.2;20;27.6;57.5;15.8;10.2;62;0.758;102;0.529;55;0.309;0.506;0.559;10.3;3.5;7.1;2.3;10.7;1.05;0.7;1.05;6.3;117;102.2
;Kai Jones;Cha;C-F;21.92;21;10.2;21.2;13.1;13.5;11;0.727;42;0.548;11;0.273;0.519;0.545;3;2.3;12.2;0.2;3.3;0.24;0.48;0.43;4.4;109;104.1
;Tre Jones;San;G;22.95;28;30.4;63.3;19.3;13.9;78;0.897;238;0.458;68;0.294;0.454;0.511;12.4;3.4;6.3;6.7;30.6;1.43;0.18;1.96;8.6;111.6;116
;Tyus Jones;Mem;G;26.61;29;24;50;18.8;10.1;35;0.714;150;0.5;121;0.388;0.537;0.552;10.9;2.2;4.9;4.7;26.9;0.79;0.07;1.1;8.1;120.2;114.2
;DeAndre Jordan;Den;C;34.41;24;14.7;30.6;13.1;25.2;34;0.471;64;0.766;1;1;0.777;0.732;4.9;5.4;21.4;0.9;7.8;0.13;0.67;1.13;7.8;120.6;104.7
;Cory Joseph;Det;G;31.33;26;15.6;32.6;14.4;11.6;20;0.7;65;0.462;48;0.354;0.491;0.513;4.8;1.1;3.9;3.3;29.8;0.31;0.08;0.62;6.6;117.5;113.8
;Nikola Jovic;Mia;F;19.53;12;15.3;31.9;18.9;12.8;19;0.947;30;0.567;30;0.233;0.458;0.534;6.1;2.3;8.7;0.8;8.2;0.58;0.08;0.83;5.9;104.6;104.7
;Mfiondu Kabengele;Bos;F-C;25.35;1;8.3;17.3;10.6;0;0;0;1;1;1;0;0.5;0.5;2;4;26.7;0;0;0;0;0;0;162;104
;Frank Kaminsky;Atl;F-C;29.71;13;8.4;17.5;13.3;14.5;8;1;10;0.7;16;0.5;0.731;0.779;3.5;1.8;11.4;1.1;17.1;0.15;0;0.38;9.1;143;100.9
;Trevor Keels;Nyk;G;19.32;1;1;2.1;41.7;0;0;0;0;0;1;0;0;0;0;1;52.6;0;0;0;0;0;0;;
;Luke Kennard;Lac;G;26.49;20;22.2;46.3;15.1;13.7;10;0.9;48;0.583;80;0.488;0.676;0.687;9.1;2.7;6.5;1;6.9;0.55;0.1;1.05;5.2;118.3;107.3
;Walker Kessler;Uta;C;21.4;29;17.1;35.7;12.3;13.1;46;0.587;106;0.745;0;0;0.745;0.733;6.4;6;19.3;0.6;4.7;0.21;1.86;0.66;6.7;141.5;103.3
;Braxton Key;Det;F;25.84;3;3;6.3;8.8;0;2;1;1;1;0;0;1;1.064;1.3;0.3;6.1;0;0;0;0;0;0;;
;Corey Kispert;Was;F;23.8;23;28.3;58.9;12.8;8.4;24;0.75;64;0.609;100;0.41;0.613;0.627;9.5;2.5;4.8;1.6;7.8;0.57;0.17;0.7;4.8;122.3;114.2
;Maxi Kleber;Dal;F;30.89;22;25.7;53.4;9.9;10.6;14;0.786;39;0.692;65;0.369;0.606;0.622;6.2;3.5;8.2;1;5.2;0.32;1;0.59;4.3;122.5;108.3
;Nathan Knight;Min;F-C;25.25;13;5.2;10.9;19;22.8;13;0.769;15;0.867;3;0.333;0.806;0.822;3;1.1;11.4;0.2;6.5;0.23;0.08;0.54;6.7;127.2;107.3
;Kevin Knox II;Det;F;23.36;25;14.2;29.5;16;9.7;22;0.773;41;0.634;70;0.386;0.599;0.621;6;2.4;9.5;0.5;5.1;0.4;0.36;0.52;5.4;119.2;106.5
;Christian Koloko;Tor;C;22.5;30;16.8;35;10.8;12.4;47;0.66;85;0.482;7;0;0.446;0.501;3.8;3.4;11.6;0.5;3.9;0.27;1.27;0.53;4.4;112.4;101.4
;John Konchar;Mem;G;26.74;27;27;56.3;11.3;9;17;0.882;74;0.568;101;0.396;0.583;0.6;8.1;6.1;11.9;1.5;7.2;1.04;0.26;0.67;6.2;124.8;105.9
;Furkan Korkmaz;Phi;G-F;25.41;16;12.5;26;19;14.1;25;0.72;32;0.438;30;0.333;0.468;0.521;4.8;1.4;6.7;0.9;10.7;0.25;0.13;0.75;5.8;100.6;111.1
;Luke Kornet;Bos;F-C;27.43;26;13.5;28.2;10.8;12.7;18;0.833;62;0.742;6;0.333;0.721;0.744;4.3;3.4;14;0.8;7.9;0.19;0.92;0.42;6.7;149.3;102.7
;Vit Krejci;Atl;G;22.5;14;7;14.6;11.9;10.8;2;0.5;8;0.5;16;0.313;0.479;0.482;1.7;0.8;6.1;0.7;12.8;0.14;0.07;0.21;5.6;106.9;108.3
;Jonathan Kuminga;Gol;F;20.2;27;17.4;36.3;18.8;16.5;43;0.698;104;0.567;54;0.278;0.516;0.545;7.1;3;9.4;1.3;9.9;0.41;0.48;1.3;7;102.6;105.5
;Kyle Kuzma;Was;F;27.41;30;35.3;73.5;27.2;12.6;106;0.689;305;0.554;225;0.338;0.534;0.554;21.3;7.7;12;3.5;15.8;0.47;0.47;2.77;9.4;104.2;109.2
;Anthony Lamb;Gol;F;24.91;23;17.9;37.2;12.7;19.3;6;0.333;34;0.735;64;0.391;0.638;0.631;5.5;3.1;9.5;1.5;10.8;0.61;0.3;1.04;6.6;111.7;105
;Jock Landale;Pho;C;27.15;27;13.7;28.5;19.5;13.5;44;0.795;92;0.663;36;0.167;0.547;0.594;6.5;3.7;15.2;0.7;7.7;0.22;0.7;0.85;7.5;118.2;101.4
;Romeo Langford;San;G-F;23.15;16;19.8;41.2;14.5;11.8;23;0.696;63;0.587;24;0.208;0.511;0.541;6.6;3;8.5;0.9;6.4;0.69;0.44;0.81;5.3;111.1;114
;Jake LaRavia;Mem;F;21.13;18;17.3;36.1;11.8;16.8;5;1;22;0.5;50;0.38;0.549;0.566;4.7;2.9;9;0.9;6.8;0.56;0.17;0.83;5.3;109.9;102.8
;Zach LaVine;Chi;G-F;27.78;25;34.2;71.2;28;11.8;97;0.825;253;0.502;192;0.365;0.521;0.558;21.8;4.4;7.2;4.1;19;1.16;0.04;2.6;8.6;106.4;109.8
;A.J. Lawson;Min;G;25.65;1;1.8;3.8;23.5;0;0;0;1;1;0;0;1;1;2;1;30.8;0;0;0;0;0;0;;
;Damion Lee;Pho;G-F;30.16;30;21;43.7;14.4;10.7;25;0.92;67;0.433;113;0.478;0.611;0.636;8.1;3.3;8.8;1.2;7.6;0.5;0.1;0.77;6.1;123.3;109.8
;Saben Lee;Phi;G;23.49;2;5.1;10.5;30.9;42.9;0;0;3;1;1;0;0.75;0.75;3;0;0;1;38;0.5;0;1.5;0;86.7;102.6
;Alex Len;Sac;C;29.51;8;3.1;6.5;17;0;2;0.5;9;0.556;0;0;0.556;0.557;1.4;1.1;20.7;0.3;11.9;0;0;0;10;;
;Kawhi Leonard;Lac;F;31.47;11;26.5;55.3;26.6;9;41;0.732;101;0.535;43;0.233;0.479;0.518;15.3;6.1;12.5;3.3;20.9;0.91;0.27;1.45;10.2;107.9;104.7
;Caris LeVert;Cle;G;28.32;27;31.1;64.7;20;12.5;70;0.757;181;0.42;116;0.345;0.458;0.496;12;4.3;8.2;4.2;19.6;0.67;0.07;1.74;7.7;104.8;103.7
;Kira Lewis Jr.;Nor;G;21.7;1;6.1;12.7;34;0;2;1;3;0.333;1;0;0.25;0.41;4;1;9.2;0;0;0;0;0;0;94.5;97.4
;Damian Lillard;Por;G;32.43;18;34.5;71.8;32.7;13.8;141;0.894;136;0.529;201;0.398;0.57;0.639;28.3;3.8;6.3;7.1;35;0.83;0.22;3.56;10.6;123.5;112.9
;Nassir Little;Por;F-G;22.85;21;15.3;31.9;15.6;12.3;21;0.667;48;0.563;43;0.372;0.56;0.579;5.5;2.4;8.9;0.9;8;0.38;0.14;0.67;6;110.6;111.4
;Isaiah Livers;Det;F;24.39;22;19.6;40.7;12.4;10.3;20;0.75;23;0.565;81;0.358;0.543;0.567;5.8;2.3;6.4;0.6;4.2;0.41;0.55;0.59;4.1;110.7;112
;Kenneth Lofton Jr.;Mem;F;20.35;5;4.6;9.5;29.4;6.1;3;0.333;13;0.538;1;0;0.5;0.49;3;0.8;9.3;0.8;29.7;0;0;0.2;10.8;107.8;102.2
;Kevon Looney;Gol;F;26.87;31;23.1;48.2;9.8;6.6;48;0.646;135;0.652;0;0;0.652;0.663;6.7;7.8;18.6;2.9;16.4;0.42;0.61;0.35;9.2;155.3;102.8
;Brook Lopez;Mil;C;34.72;28;30.5;63.5;17.7;9.2;57;0.825;152;0.566;148;0.392;0.577;0.604;14;5.9;10.2;1.1;5.5;0.46;2.79;1.18;5.9;119.4;104.8
;Robin Lopez;Cle;C;34.72;20;9;18.7;14.8;21.9;12;0.75;41;0.659;0;0;0.659;0.681;3.2;1.4;9.2;0.5;7.4;0.05;0.15;0.65;5.8;119.5;100.1
;Kevin Love;Cle;F-C;34.28;23;19.5;40.7;20.9;12.8;42;0.881;49;0.469;116;0.371;0.53;0.578;9.2;6.7;20.4;2.1;15.8;0.17;0.13;1.17;10.4;114.7;98.5
;Kyle Lowry;Mia;G;36.74;28;36.1;75.1;18;16.6;103;0.854;107;0.486;190;0.353;0.513;0.574;14;4.7;7.5;5.9;24.3;1.14;0.54;2.43;8.1;112.8;105.4
;Trey Lyles;Sac;F;27.12;22;13.8;28.8;19.2;13.9;23;0.739;37;0.514;71;0.338;0.509;0.538;5.8;2.9;11.8;0.7;7.1;0.27;0.32;0.86;6.6;104.5;108.3
;Theo Maledon;Cha;G;21.52;28;16.6;34.6;15.2;17.7;38;0.921;75;0.467;48;0.354;0.492;0.558;5.6;2.5;8.1;2.4;19.4;0.68;0.18;1.07;7.8;109.8;112.2
;Sandro Mamukelashvili;Mil;F-C;23.58;13;8.7;18.1;14.7;10.2;10;0.5;15;0.467;16;0.313;0.468;0.48;2.6;2.4;14.4;0.7;10.7;0.08;0.15;0.31;7.5;109.1;102.1
;Terance Mann;Lac;G-F;26.17;31;22.3;46.5;16.2;13.2;47;0.723;135;0.615;67;0.343;0.582;0.604;8.7;4;9.8;2;13.5;0.58;0.35;1.1;7.4;118.4;104.1
;Tre Mann;Okc;G;21.87;27;19.9;41.5;20.4;9.1;20;0.65;106;0.491;125;0.288;0.459;0.469;8.3;2.6;6.7;1.6;11.2;0.78;0.11;0.89;6.5;97.1;110.2
;Boban Marjanovic;Hou;C;34.34;9;3.8;7.9;19.3;12.5;9;0.778;9;0.667;1;0;0.6;0.681;2.1;1;14.2;0.1;4.6;0.11;0.11;0.22;6.3;;
;Lauri Markkanen;Uta;F-C;25.58;29;33.9;70.6;23.6;10.9;127;0.843;247;0.611;189;0.418;0.618;0.657;22.3;8.3;13.5;2.2;10.1;0.55;0.66;2.07;8.7;125.4;111
;Naji Marshall;Nor;F;24.9;27;22.1;46.1;15.6;10.5;49;0.816;102;0.52;73;0.342;0.517;0.562;8.2;3.1;7.8;2.3;13.5;0.78;0.26;0.85;7;118.1;108.4
;Kenyon Martin Jr.;Hou;F;21.95;29;24.2;50.4;16.5;11.4;65;0.662;142;0.676;78;0.308;0.6;0.617;10.6;5;11.3;1.4;9.2;0.38;0.38;1.1;6.9;122;111.9
;Caleb Martin;Mia;F;27.23;29;32.9;68.6;14.7;11.4;40;0.8;152;0.52;111;0.396;0.551;0.574;11.1;4.7;8.1;1.9;8.7;1.14;0.34;1.24;5.6;113;107.7
;Cody Martin;Cha;F;27.23;1;0.9;1.9;0;;0;0;0;0;0;0;;;0;0;0;0;0;0;0;0;0;;
;Tyrese Martin;Atl;G;23.79;9;3.9;8.2;16.6;0;0;0;9;0.444;5;0.2;0.393;0.393;1.2;0.6;7.6;0;0;0.11;0;0;0;;
;Garrison Mathews;Hou;G;26.15;24;13.4;27.8;13.7;6.6;31;0.935;5;0.6;81;0.37;0.558;0.627;5.2;1.2;4.9;0.4;4.4;0.54;0.13;0.29;4;131.6;109.3
;Bennedict Mathurin;Ind;G-F;20.5;31;29;60.4;25.8;10.1;180;0.811;258;0.453;164;0.354;0.483;0.553;17.9;4.1;7.8;1.5;8;0.61;0.1;1.81;6.6;108;113.2
;Wesley Matthews;Mil;G;36.18;21;14.8;30.9;10.2;9.3;8;0.875;13;0.385;52;0.327;0.469;0.496;3.2;1.7;6.1;0.5;4.5;0.52;0.19;0.33;3.8;109.6;102.9
;Tyrese Maxey;Phi;G;22.12;15;36.4;75.8;27.1;9;65;0.738;171;0.485;102;0.422;0.54;0.569;22.9;3.5;5.6;4.4;20.6;1;0.27;2;7.8;111.8;108.3
;Miles McBride;Nyk;G;22.28;18;10.8;22.5;13.9;10.8;9;0.556;21;0.571;33;0.242;0.444;0.457;2.9;0.8;4.1;1.4;17.9;0.67;0;0.39;5.5;105.5;107.2
;CJ McCollum;Nor;G;31.25;25;35;73;25;10.7;47;0.809;278;0.457;161;0.335;0.474;0.494;18.2;4.8;7.7;5.7;23.8;1.04;0.6;2.2;9.1;104.8;108.9
;T.J. McConnell;Ind;G;30.73;28;17.5;36.5;16.9;22.6;18;0.889;130;0.469;16;0.25;0.459;0.487;5.4;2.4;7.4;4.4;34.7;1.11;0.18;1.61;8.8;104.2;110.6
;Jaden McDaniels;Min;F;22.22;27;30.1;62.6;14.6;15;40;0.75;136;0.625;85;0.365;0.595;0.614;10.9;3.4;6.3;1.5;6.6;1.15;1.22;1.56;5.1;111.8;106.7
;Jalen McDaniels;Cha;F-C;24.88;30;26.5;55.1;17;12.4;54;0.889;156;0.526;104;0.356;0.529;0.569;10.8;4.6;9.3;2.3;12.6;1.03;0.53;1.33;7.3;112.3;105.8
;Doug McDermott;San;F;30.96;25;20.9;43.5;18.9;10.1;22;0.682;84;0.56;119;0.42;0.601;0.609;10.4;2;5.5;1.5;10.7;0.08;0.2;0.96;6;114.2;116.4
;JaVale McGee;Dal;C-F;34.92;19;9;18.8;23.7;21.2;22;0.545;57;0.632;4;0.25;0.615;0.615;4.6;2.6;17;0.2;4;0.16;0.58;1;5.9;101.7;99.1
;Bryce McGowens;Cha;G;20.11;13;14.3;29.8;12.6;10.7;12;0.917;29;0.414;16;0.375;0.467;0.527;4.1;1.4;5.2;1;9.4;0.31;0.31;0.46;5;109.3;117.4
;Rodney McGruder;Det;G;31.39;9;9.2;19.2;13.7;11.2;4;1;6;0.333;16;0.188;0.295;0.358;1.9;1.8;10.7;0.8;11.2;0;0;0.33;6.1;92.5;119
;Jordan McLaughlin;Min;G;26.69;18;15.9;33.2;12.4;16.7;9;1;32;0.625;34;0.235;0.485;0.522;4.1;1.7;5.8;3.6;28.7;0.83;0.11;0.78;7.4;118.7;115.8
;De'Anthony Melton;Phi;G;24.56;25;29.8;62;19.1;13.8;25;0.68;113;0.478;150;0.393;0.542;0.551;12.1;4.6;9.1;3.4;17.1;2.2;0.44;1.76;7.7;108.3;103.8
;Chimezie Metu;Sac;F-C;25.75;24;11.5;23.9;17.8;14.8;20;0.8;68;0.691;21;0.238;0.612;0.639;5.2;3.1;15.6;0.7;8.4;0.38;0.21;0.71;7.8;116.4;103.1
;Khris Middleton;Mil;F;31.35;7;24.4;50.8;23.8;11.4;19;0.895;36;0.389;41;0.268;0.396;0.457;11.1;2.6;5.5;4.4;25.8;0.57;0.14;1.57;8.2;101.4;102
;Patty Mills;Bro;G;34.35;21;12;25.1;18.6;8.5;12;0.917;28;0.571;63;0.381;0.571;0.597;5.5;1;5;1.3;14.9;0.24;0.05;0.43;6.4;119.1;116.2
;Shake Milton;Phi;G-F;26.23;24;24.8;51.6;20.3;15.5;50;0.84;152;0.566;55;0.382;0.568;0.605;11.5;3.3;7.9;3.5;22.1;0.42;0.21;1.75;8.2;115.4;107
;Josh Minott;Min;F;20.07;4;3.2;6.7;18.9;0;4;1;4;0.75;0;0;0.75;0.868;2.5;0.8;12.9;0.5;23.7;0.25;0.25;0;12.5;;
;Davion Mitchell;Sac;G;24.29;27;19.7;41;15.8;15.8;17;0.706;89;0.551;69;0.29;0.5;0.514;6.3;1.7;4.9;2.4;16.6;0.48;0.3;1.15;6;100.6;109.3
;Donovan Mitchell;Cle;G;26.28;27;36.9;76.9;31.6;11.6;144;0.889;309;0.566;250;0.424;0.597;0.64;29.5;3.9;6.2;4.6;22.7;1.37;0.37;3.04;8.8;120.7;104.2
;Evan Mobley;Cle;C;21.5;31;34.4;71.8;18.9;13.7;116;0.698;305;0.59;33;0.273;0.572;0.601;15.1;9.3;16;2.7;12;0.74;1.32;2;8.4;118.9;100.4
;Isaiah Mobley;Cle;F;23.24;8;3.3;6.8;13.7;0;0;0;6;0.5;2;0.5;0.563;0.563;1.1;1.4;24.9;0;0;0.13;0;0;0;;
;Chima Moneke;Sac;F;26.99;2;4;8.2;26.4;41;2;0;2;0.5;0;0;0.5;0.347;1;1;14.5;0.5;16.8;0;0;1;7.9;73.2;94.7
;Malik Monk;Sac;G;24.87;28;23;47.9;26.6;13.7;72;0.917;153;0.582;162;0.346;0.549;0.594;14.7;2.3;5.8;3.9;25.9;0.64;0.14;1.96;8.9;113.5;110.2
;Moses Moody;Gol;G;20.55;26;14.7;30.7;13.9;18.1;23;0.826;33;0.545;61;0.377;0.559;0.595;4.8;1.7;6.5;0.8;6.7;0.35;0.19;0.88;5.1;104.6;113
;Wendell Moore Jr.;Min;G;21.25;13;6.6;13.8;15.8;18.6;5;0.8;13;0.615;11;0.182;0.458;0.496;2;0.8;7.1;0.6;12.1;0.38;0.23;0.46;6;93;106.9
;Ja Morant;Mem;G;23.36;24;32;66.7;35.9;12.8;207;0.734;373;0.491;121;0.339;0.495;0.548;26.7;6.7;11;7.7;39.5;1.13;0.25;3.58;13.9;113.3;107
;Marcus Morris Sr.;Lac;F;33.3;29;30.2;62.8;19;7.1;46;0.783;179;0.508;156;0.372;0.531;0.552;13.5;5.2;9.3;1.8;9.1;0.72;0.31;0.93;6.6;110.2;104.4
;Markieff Morris;Bro;F;33.3;18;11.4;23.7;15.2;15.8;6;1;21;0.381;35;0.457;0.571;0.597;3.9;2.4;12.1;0.9;11;0.33;0.22;0.61;7.1;113.2;105.1
;Monte Morris;Was;G;27.48;26;28.1;58.5;15.2;9;27;0.741;130;0.5;90;0.389;0.534;0.55;9.8;3.3;6.5;5.2;25.8;0.73;0.19;0.88;7.9;120.2;113
;Trey Murphy III;Nor;F;22.5;27;28.6;59.6;15.9;8.3;49;0.918;87;0.563;157;0.395;0.582;0.619;12.2;4.3;8.3;1.4;6.8;1.11;0.56;0.89;5.9;123.7;106.3
;Dejounte Murray;Atl;G;26.25;25;35.6;74.1;25.8;11.7;67;0.836;309;0.492;145;0.366;0.51;0.537;20.8;5.4;8.3;6.2;26.8;1.76;0.44;2.56;10;109;111.1
;Jamal Murray;Den;G;25.82;25;30.8;64.1;26.1;11;81;0.765;245;0.49;133;0.338;0.496;0.528;17.5;3.7;6.9;5.4;25.4;0.84;0.2;2.04;9.1;109.7;115.5
;Keegan Murray;Sac;F;22.33;26;28.8;60;17.6;11;33;0.848;107;0.514;154;0.37;0.538;0.561;11.9;4;7.9;0.8;3.7;0.73;0.65;1.31;4.7;103.7;109.1
;Mike Muscala;Okc;F-C;31.47;20;12.2;25.5;16.3;7.3;16;0.75;28;0.679;54;0.315;0.543;0.567;5.1;3.2;13.5;0.9;9.5;0.15;0.45;0.35;8;116.9;102.7
;Svi Mykhailiuk;Nyk;G-F;25.53;10;3.2;6.7;17.3;15;3;0.333;2;0;8;0.625;0.75;0.707;1.6;0.7;11.5;0;0;0.1;0;0.2;0;;
;Larry Nance Jr.;Nor;F-C;29.96;27;23.2;48.4;13.7;12.8;33;0.727;137;0.693;25;0.4;0.679;0.691;9;5.8;14;1.9;11;0.96;0.89;0.96;8;133.8;101.6
;Andrew Nembhard;Ind;G-F;22.92;26;25.6;53.4;14.2;16.3;16;0.875;90;0.556;93;0.387;0.568;0.584;8.5;2.9;6.3;3.8;20.7;0.96;0.19;1.42;7.1;113.7;107.2
;Aaron Nesmith;Ind;G-F;23.18;27;22.2;46.3;16.3;11.5;33;0.848;83;0.482;111;0.387;0.539;0.568;8.8;3.5;8.7;1;6.6;0.74;0.52;1;5.6;107.9;104.1
;Raul Neto;Cle;G;30.58;20;8.8;18.3;13.6;11.3;12;0.833;25;0.6;17;0.294;0.536;0.582;2.8;0.8;5.1;1.1;17.7;0.35;0;0.3;6.1;121.6;103
;Georges Niang;Phi;F;29.51;26;19.8;41.3;19.1;10;18;0.889;50;0.52;141;0.426;0.607;0.623;9.5;2.2;6.6;1.2;8.9;0.5;0.27;0.85;5.9;114.4;103
;Daishen Nix;Hou;G;20.85;26;15.1;31.5;14;27.7;19;0.789;30;0.4;58;0.345;0.477;0.514;3.8;1.8;6.5;2.5;23.1;0.77;0.12;1.42;6.8;99.1;112.3
;Zeke Nnaji;Den;F-C;21.94;20;9.3;19.3;16.6;12.6;12;0.833;43;0.698;14;0.214;0.605;0.634;4;1.4;8.4;0.2;3;0.15;0.15;0.45;4.5;121.7;106.2
;Nerlens Noel;Det;C-F;28.69;6;10.3;21.5;12.1;16.9;4;0.75;13;0.308;0;0;0.308;0.373;1.8;3.2;16.9;0.5;6.4;0.83;0.33;0.5;5.5;82.6;98.6
;Jaylen Nowell;Min;G;23.45;30;19.5;40.5;26;8.1;47;0.787;193;0.518;117;0.308;0.497;0.522;11.5;2.9;8.3;2.2;17.1;0.63;0.1;0.97;8.6;107.1;110.7
;Frank Ntilikina;Dal;G;24.39;12;12;24.9;13.3;11.9;7;0.571;14;0.357;20;0.2;0.324;0.351;2.2;1.5;7.4;1.5;16.9;0.25;0.17;0.42;5.7;88;103.2
;Kendrick Nunn;Lal;G;27.38;24;12.1;25.1;23.5;15.4;11;0.909;66;0.439;66;0.273;0.424;0.446;5.1;1.2;5.1;1;12.1;0.21;0.04;1.04;6;82.6;110.1
;Jusuf Nurkic;Por;C;28.32;27;29.1;60.6;21.7;16.4;112;0.688;231;0.558;45;0.422;0.571;0.603;14.5;9.9;19.5;2.8;15.1;0.7;0.89;2.37;10.1;116;100.5
;Jordan Nwora;Mil;F;24.28;25;17.1;35.7;17.7;12.8;32;0.844;69;0.362;74;0.365;0.458;0.503;6.3;3.2;9.9;1;8;0.32;0.12;0.92;6.4;102.3;106.9
;Chuma Okeke;Orl;F;24.34;18;21.8;45.3;11.7;8.6;21;0.762;27;0.519;60;0.3;0.471;0.509;5.4;4.2;11.1;1.4;9.1;0.61;0.5;0.5;5.8;115.6;107.9
;Josh Okogie;Pho;G;24.3;26;10.6;22.2;18.2;12.6;37;0.757;48;0.521;40;0.25;0.455;0.518;4.2;2.8;14.8;1;11.9;0.62;0.42;0.58;8.6;114.9;99.5
;Onyeka Okongwu;Atl;F-C;22.02;29;21.1;43.9;14.2;13.5;64;0.734;148;0.635;3;0;0.623;0.656;8.1;6.5;16.7;0.9;5.8;0.59;0.72;0.97;6.9;129.5;100.1
;Isaac Okoro;Cle;F-G;21.9;31;18.4;38.2;11.7;13.5;28;0.821;62;0.565;54;0.222;0.457;0.503;4.2;2.1;6.7;0.6;4.3;0.65;0.39;0.65;3.8;99.2;100.5
;KZ Okpala;Sac;F-G;23.64;18;8.6;17.8;8.5;9.8;6;1;14;0.571;11;0.364;0.56;0.615;1.9;1.3;8.9;0.5;7.3;0.17;0.22;0.17;5;130.2;101.5
;Victor Oladipo;Mia;G;30.62;6;24.5;51;16.6;12.7;9;0.556;20;0.6;24;0.292;0.511;0.521;8.3;2.8;6.6;2.8;17.4;1.5;0;1.17;6.6;103;101
;Kelly Olynyk;Uta;F-C;31.67;32;28.7;59.7;17.5;19.1;103;0.845;150;0.6;114;0.43;0.619;0.669;12.9;5;9.5;3.2;15.4;1.16;0.59;2.28;8.2;121.1;103.3
;Eugene Omoruyi;Okc;F;25.84;13;13.6;28.3;19.1;9.9;16;0.688;41;0.561;25;0.32;0.53;0.554;6.2;2.5;9.8;0.6;6.4;0.92;0;0.62;6.2;112.1;96.1
;Royce O'Neale;Bro;F;29.54;29;35.7;74.4;13.1;17.1;25;0.64;83;0.325;158;0.405;0.51;0.52;9;5.3;8.5;4.5;16.1;1.03;0.62;1.79;6.7;105.7;107.7
;Cedi Osman;Cle;F;27.7;30;22.8;47.6;17.6;9.6;44;0.727;105;0.581;120;0.325;0.531;0.555;9;2.9;7.4;1.6;10.1;0.43;0.13;0.87;6.1;109.7;103.1
;Kelly Oubre Jr.;Cha;F-G;27.03;30;33.2;69.2;26.4;5.4;119;0.714;316;0.503;229;0.319;0.493;0.521;20.7;5.2;8.4;1.2;6.1;1.7;0.37;1.13;6.1;107.7;109.1
;Chris Paul;Pho;G;37.62;16;31.4;65.5;16.8;16;47;0.851;77;0.429;70;0.343;0.469;0.531;11.1;4.9;8.6;9;37;1.5;0.25;2;10;120.7;106.8
;Cameron Payne;Pho;G;28.36;26;24.8;51.7;24.1;13.9;47;0.766;172;0.436;124;0.387;0.497;0.521;12.7;2.4;5.3;5.3;31;0.96;0.19;1.96;8.8;108.7;108.3
;Theo Pinson;Dal;G-F;27.12;11;4.1;8.6;14.8;20.3;4;1;4;0.25;6;0;0.1;0.255;0.5;1.1;15.7;0.3;8.5;0.09;0;0.27;5.4;55.9;110.4
;Scotty Pippen Jr.;Lal;G;22.1;2;4.2;8.8;23.9;21;4;0.75;2;0;0;0;0;0.399;1.5;1;12.6;0;0;0;0;0.5;0;82.1;93.2
;Mason Plumlee;Cha;F-C;32.79;30;27.6;57.4;14.6;18.3;121;0.579;184;0.592;0;0;0.592;0.607;9.6;9.5;18.3;4;20.5;0.63;0.57;1.77;10.4;123.3;103.9
;Jakob Poeltl;San;C;27.18;21;26.9;56.1;19.1;18.9;60;0.5;184;0.636;0;0;0.636;0.627;12.6;9.7;20.2;3.3;18.4;0.95;0.95;2.33;11;117.8;110.5
;Aleksej Pokusevski;Okc;C;20.98;27;22.2;46.3;18.3;14;27;0.63;126;0.476;89;0.382;0.516;0.527;8.9;5.2;12.3;2;12.4;0.52;1.41;1.37;8.2;105.6;108
;Jordan Poole;Gol;G;23.5;31;28.8;60.1;28.8;15.8;125;0.864;227;0.546;236;0.331;0.521;0.569;19;2.2;4.1;4.6;24;0.77;0.29;3.13;8;106.1;111.7
;Kevin Porter Jr.;Hou;G-F;22.62;28;34.5;71.8;25.9;18.5;145;0.772;270;0.478;160;0.313;0.474;0.527;18.6;5.6;8.8;5.6;26.3;1.43;0.43;4;9.7;104;109.5
;Michael Porter Jr.;Den;F;24.47;16;29.1;60.5;22;7.6;30;0.8;96;0.51;110;0.427;0.58;0.6;16.4;6;12;1.3;6.2;0.63;0.38;1.13;6.9;116.6;109.1
;Otto Porter Jr.;Tor;F;29.55;8;18.3;38.1;10.9;10.7;8;1;13;0.692;17;0.353;0.6;0.656;5.5;2.4;7.4;1;7.4;1.38;0;0.5;5.2;132.1;111
;Bobby Portis;Mil;F;27.85;29;26.5;55.2;22.2;8.7;40;0.775;244;0.586;107;0.318;0.553;0.568;14.4;10.3;20.5;2;12.2;0.28;0.31;1.21;10.1;117.6;101.1
;Kristaps Porzingis;Was;F-C;27.38;29;32.8;68.3;27.9;10.2;200;0.8;299;0.552;160;0.331;0.533;0.593;22.4;8.9;14.9;2.7;13;1;1.48;2.14;9.9;116.7;105.7
;Micah Potter;Uta;F;24.7;2;5.9;12.3;7.1;0;0;0;2;1;0;0;1;1;2;1.5;14;0.5;11.9;0;0;0;7.8;210.4;101
;Dwight Powell;Dal;F-C;31.42;26;16.8;35.1;12.9;16.1;53;0.66;80;0.7;1;0;0.691;0.705;5.7;3.5;12.2;0.5;4.4;0.54;0.38;0.77;5.1;136.1;100.5
;Norman Powell;Lac;G;29.57;22;25.3;52.6;25.2;12.1;82;0.78;151;0.51;95;0.379;0.533;0.578;14.8;2.9;6.3;1.5;9.8;0.82;0.32;1.77;6.3;107;106
;Jason Preston;Lac;G;23.36;5;8.7;18.2;20.9;19.2;2;0;8;0.5;8;0.25;0.438;0.415;2.8;1;6.2;1.6;27.4;0;0;0.8;7.6;86.9;106
;Joshua Primo;San;G;19.99;4;23.4;48.6;18.3;26.9;9;0.778;14;0.429;12;0.25;0.404;0.467;7;3.3;7.8;4.5;24.9;0.25;0.5;2.75;8;90.6;114.5
;Taurean Prince;Min;F;28.75;18;19.5;40.7;16.1;15.7;22;0.864;49;0.612;54;0.389;0.597;0.63;7.9;2.5;7.1;1.2;8.1;0.33;0.22;1.17;5.9;110.9;106.2
;Payton Pritchard;Bos;G;24.89;18;11.1;23;21.5;14.4;10;0.7;32;0.469;47;0.34;0.494;0.51;4.7;1.4;7.2;1.1;14.3;0.33;0.06;0.78;7;100.8;112.4
;Trevelin Queen;Ind;G;25.81;2;9.9;20.5;12.7;50;0;0;0;0;3;0;0;0;0;1.5;8.4;1;12;0.5;0.5;1.5;0;31.6;113.2
;Neemias Queta;Sac;C;23.44;1;2.4;5;0;;0;0;0;0;0;0;;;0;1;23.8;1;47.4;0;0;0;0;;
;Immanuel Quickley;Nyk;G;23.51;30;23.6;49.2;19.3;11.9;64;0.844;142;0.458;118;0.297;0.452;0.501;9.6;4;9;3;17.8;1.03;0.1;1.3;8.2;106.4;105.4
;Julius Randle;Nyk;F-C;28.06;30;33.8;70.4;27.2;12.3;198;0.793;279;0.548;213;0.333;0.527;0.584;22.5;9.1;14.2;3.6;16.8;0.73;0.2;2.7;10.7;115.9;103.4
;Austin Reaves;Lal;G;24.56;29;29.5;61.4;13;12.5;82;0.915;103;0.631;92;0.391;0.61;0.677;10.8;3.1;5.6;2.1;9.4;0.55;0.41;1.14;5.6;128.1;111.5
;Cam Reddish;Nyk;F-G;23.3;20;21.9;45.6;15.8;9.1;33;0.879;80;0.55;56;0.304;0.511;0.558;8.4;1.6;3.7;1;6.4;0.75;0.4;0.75;4.3;112.2;109.6
;Davon Reed;Den;G;27.52;20;10.9;22.7;14.1;16.8;12;0.75;23;0.217;31;0.355;0.398;0.439;2.6;1.5;7.7;0.6;6.1;0.25;0.1;0.6;4.9;86.9;108.2
;Paul Reed;Phi;F;23.52;25;10.7;22.3;13.7;19.4;12;0.667;58;0.569;3;0;0.541;0.558;3;3.5;19.3;0.5;6.5;0.88;0.64;0.64;6.5;113;85.5
;Naz Reid;Min;C-F;23.32;24;15.7;32.6;23;11.7;44;0.614;106;0.651;55;0.364;0.615;0.624;9.4;4;14.2;0.8;7.8;0.46;0.88;1;7.9;114.1;100.9
;Nick Richards;Cha;C;25.06;30;19.1;39.9;17;11.1;92;0.739;167;0.605;0;0;0.605;0.651;9;6.5;18;0.7;5.2;0.13;0.87;0.87;7.2;131.5;105.9
;Josh Richardson;San;G;29.26;21;23.3;48.5;20.5;15.4;34;0.853;83;0.47;106;0.368;0.516;0.549;10.7;2.4;5.7;2.9;17.6;0.76;0.1;1.76;7.2;105.1;115.4
;Austin Rivers;Min;G;30.38;20;16.5;34.3;10.8;11.9;19;0.947;24;0.5;42;0.357;0.523;0.585;4.4;1.4;4.5;1.1;7.9;0.45;0.05;0.5;4.6;113.3;110.6
;Duncan Robinson;Mia;F;28.66;22;17.7;36.9;17.8;9.6;18;0.944;31;0.484;103;0.32;0.481;0.514;6.6;2;6.4;1.3;11.1;0.27;0;0.68;5.8;102.5;103
;Jeremiah Robinson-Earl;Okc;F;22.12;26;21.1;43.9;15.3;7.9;28;0.786;98;0.571;76;0.382;0.572;0.593;8.5;5;12.3;1;6.3;0.73;0.42;0.62;6.6;124.2;107.4
;Mitchell Robinson;Nyk;C-F;24.72;22;24.8;51.6;10.1;10.6;39;0.487;101;0.713;0;0;0.713;0.69;7.4;8.5;18;0.8;4.6;0.64;1.95;0.64;6;145;101.2
;Orlando Robinson;Mia;C;20;4;20;41.7;15;11.1;7;0.714;16;0.625;5;0;0.476;0.519;6.3;4;11.4;1.3;9.3;1.25;0.75;0.75;6.4;105.7;98.3
;Isaiah Roby;San;F;24.87;24;12.4;25.8;17.1;13.9;23;0.435;55;0.527;40;0.35;0.526;0.523;4.6;2.8;12.4;1.3;14.4;0.5;0.25;0.71;8.3;103.4;108.9
;David Roddy;Mem;F;21.73;29;19.3;40.2;16;10.6;29;0.69;85;0.529;97;0.289;0.478;0.498;6.7;2.9;8;0.7;4.9;0.31;0.31;0.79;4.9;101.3;107.7
;Ryan Rollins;Gol;G;20.46;9;5.1;10.7;27.9;42.3;4;1;8;0.25;8;0.375;0.406;0.479;1.9;1;10.8;0.3;8.3;0;0.11;1.44;6.5;62.2;97.8
;Derrick Rose;Nyk;G;34.21;22;13.1;27.3;23.2;11.2;10;1;86;0.43;52;0.346;0.464;0.485;6.3;1.7;6.7;1.9;22.2;0.32;0.23;0.82;8.3;103.1;111.1
;Terrence Ross;Orl;G-F;31.87;28;23.7;49.4;16.4;13.2;13;0.692;96;0.458;116;0.371;0.512;0.519;8.1;2.2;5.3;1.3;8;0.68;0.21;1.18;4.8;98.2;112.3
;Terry Rozier;Cha;G;28.76;22;36;75;27.7;10.5;65;0.831;267;0.449;175;0.314;0.458;0.488;20.9;4.5;6.7;5.5;24.6;0.68;0.18;2.5;8.9;102.2;115
;D'Angelo Russell;Min;G;26.82;28;31.9;66.5;22.9;16.3;72;0.792;192;0.563;181;0.376;0.563;0.589;17;3.1;5.3;6.4;29.1;1.25;0.54;2.82;8.7;112.5;112.1
;Matt Ryan;Lal;F;25.67;12;10.8;22.4;17.7;5.5;5;0.8;14;0.143;35;0.371;0.439;0.459;3.9;1.2;5.7;0.3;4.1;0.17;0;0.25;4.1;93.9;106.2
;Matt Ryan;Min;F;25.67;4;3.8;8;11;0;0;0;0;0;4;0.25;0.375;0.375;0.8;0;0;0.5;15.9;0.25;0;0;0;;
;Domantas Sabonis;Sac;F-C;26.63;28;33.2;69.1;19.9;16.2;166;0.735;259;0.656;30;0.367;0.645;0.684;17.7;11.6;20.1;6.4;28.3;0.82;0.54;2.5;13.2;134.3;101.4
;Dario Saric;Pho;F;28.7;14;12;25;17.1;13.2;9;0.778;30;0.367;25;0.32;0.418;0.449;3.8;3.4;15.9;1.1;11.5;0.21;0.14;0.64;8.1;102.6;100.2
;Jordan Schakel;Was;G;24.52;2;3.1;6.5;14.1;0;0;0;1;0;1;1;0.75;0.75;1.5;0;0;0.5;23.3;0.5;0;0;0;;
;Admiral Schofield;Orl;F;25.72;20;12.5;25.9;13.5;5.2;7;1;27;0.63;43;0.372;0.586;0.609;4.5;1.7;7.8;0.7;8.3;0.2;0.1;0.2;5.6;130.9;101.3
;Dennis Schroder;Lal;G;29.26;15;26.5;55.1;15.7;13.5;34;0.941;70;0.457;43;0.302;0.456;0.528;9;1.8;3.6;3.7;18.5;0.53;0;1.33;5.9;107.7;110.4
;Dereon Seabron;Nor;G;22.56;2;1.3;2.6;0;;0;0;0;0;0;0;;;0;0;0;0;0;0;0;0;0;;
;Alperen Sengun;Hou;C;20.4;26;26.6;55.4;22.2;15.6;90;0.8;252;0.563;22;0.182;0.54;0.587;14.2;8.8;17.8;2.1;13.3;0.65;1;2.23;9.6;115.8;103.7
;Collin Sexton;Uta;G;23.96;27;24.5;51;23.5;13;118;0.831;200;0.535;69;0.362;0.537;0.603;14.3;2.4;5.3;3;17.8;0.59;0.07;1.78;7.7;118.4;111.5
;Landry Shamet;Pho;G;25.77;21;16.8;35.1;17.9;11.4;26;0.885;36;0.444;85;0.353;0.504;0.547;6.9;1;3.3;1.6;12.7;0.67;0.14;0.81;5.3;111.6;110
;Day'Ron Sharpe;Bro;F;21.12;17;8.9;18.6;19;18.6;17;0.706;41;0.488;4;0.75;0.544;0.581;3.6;3.4;21.6;0.6;9.1;0.18;0.59;0.71;8.7;116.3;92.5
;Shaedon Sharpe;Por;G;19.56;29;20.3;42.4;18;8.2;25;0.6;134;0.537;78;0.333;0.524;0.531;8.2;2.6;7.3;0.5;3.8;0.38;0.21;0.69;4.3;105.6;110.7
;Pascal Siakam;Tor;F;28.72;20;35.6;74.1;28.3;9.7;147;0.769;286;0.51;78;0.346;0.512;0.567;24.3;8.3;13.2;6.8;32;0.95;0.45;2.3;12.5;120.3;106.7
;Ben Simmons;Bro;G-F;26.41;21;27.5;57.4;14.6;25.3;35;0.514;125;0.616;1;0;0.611;0.608;8.2;6.7;13.9;5.9;28.9;1.29;0.57;2.29;10;115.5;99.4
;Marko Simonovic;Chi;C;23.18;1;1.7;3.5;25.5;0;0;0;0;0;1;0;0;0;0;0;0;0;0;0;0;0;0;;
;Anfernee Simons;Por;G;23.53;28;36;75.1;26.8;10.1;90;0.9;228;0.526;287;0.387;0.556;0.59;23.4;3;4.7;4.3;19.9;0.82;0.21;2.21;7.5;115.9;111.8
;Jericho Sims;Nyk;C;24.16;22;12.5;26.1;9.9;13.8;10;0.8;52;0.769;0;0;0.769;0.78;4;4;17;0.4;4.1;0.23;0.73;0.41;5.9;149.3;99.3
;Marcus Smart;Bos;G;28.79;28;33.2;69.1;17.2;18.4;53;0.774;121;0.545;153;0.34;0.526;0.553;11.8;3.3;5.4;7.3;29.8;1.25;0.39;2.39;7.9;113.7;105.7
;Dennis Smith Jr.;Cha;G;25.07;15;27.9;58.2;16.2;14.2;12;0.5;104;0.5;30;0.333;0.5;0.503;9.3;3.3;6.2;5.7;29.3;1.8;0.67;1.53;8;108.7;109.7
;Jabari Smith Jr.;Hou;F;19.6;28;30.3;63.2;17.5;9.7;64;0.828;134;0.418;163;0.35;0.476;0.517;12;7.1;12.7;0.7;3.5;0.43;0.93;1.25;5.2;106.5;106.4
;Dru Smith;Mia;G;24.97;5;13.4;27.9;9.9;6.7;0;0;8;0.5;6;0.167;0.393;0.393;2.2;1.8;7.7;1;10.4;0.8;0.6;0.2;4.7;92.9;95.5
;Ish Smith;Den;G;34.46;12;10.4;21.6;20.1;22.5;2;0.5;38;0.421;6;0.333;0.432;0.434;3.3;1.2;6.5;2.1;26.5;0.25;0.5;1.08;7.8;88.3;112.3
;Jalen Smith;Ind;F-C;22.76;30;21.4;44.6;21.4;11.5;68;0.765;146;0.568;117;0.274;0.498;0.536;10.5;6.3;16.1;1.1;7.9;0.37;1;1.27;7.8;106.5;106.1
;Jeremy Sochan;San;F;19.58;23;24;50.1;15.7;15.8;24;0.458;119;0.563;46;0.174;0.479;0.481;7.3;4;9.4;2.2;12.3;0.83;0.43;1.43;6.7;96.7;110.9
;Jaden Springer;Phi;G;20.23;4;2.9;6;26.7;14.5;2;0.5;5;0.4;0;0;0.4;0.425;1.3;0.8;15.3;0;0;0;0.5;0.25;0;;
;Lamar Stevens;Cle;F;25.45;17;23.8;49.5;13.3;7.5;21;0.81;69;0.493;33;0.333;0.495;0.53;6.9;4.2;10.4;0.5;3.1;0.41;0.41;0.53;4.1;108.3;104.4
;Isaiah Stewart;Det;F-C;21.58;25;28.1;58.5;16.7;11.2;81;0.753;106;0.557;104;0.385;0.567;0.609;12;8.5;16.7;1.2;6.1;0.36;0.76;1.24;7.1;121.3;108.4
;Max Strus;Mia;G-F;26.73;29;31.5;65.6;18.7;7.5;36;0.833;106;0.575;236;0.335;0.525;0.544;13.4;3.4;6.2;1.8;8.7;0.79;0.28;1;5.5;106.4;107.2
;Jalen Suggs;Orl;G;21.55;14;28.9;60.2;23.4;21.6;35;0.657;87;0.517;68;0.294;0.484;0.508;12.4;3.3;6.5;5.4;28.9;1.57;0.64;3.36;8.4;98.1;105.6
;Edmond Sumner;Bro;G;26.97;26;15.2;31.6;21.5;14.2;49;0.918;90;0.544;51;0.294;0.507;0.578;7.2;1.5;5.8;1.5;13.5;0.96;0.19;1.04;6.7;109.8;106
;Cole Swider;Lal;F;23.62;1;1.9;4;22.2;0;0;0;0;0;1;0;0;0;0;1;27.8;1;60;0;0;0;0;;
;Jae'Sean Tate;Hou;F;27.14;3;22.7;47.3;16.2;18.7;4;0.75;15;0.533;5;0.4;0.55;0.574;8.3;4.3;10.3;3.3;22.2;1;0;1.67;8.6;118.6;95.9
;Jayson Tatum;Bos;F-G;24.8;29;37;77.1;32.6;10;237;0.861;345;0.557;268;0.358;0.548;0.611;30.2;8.2;12.3;4.1;18.5;1.1;0.93;2.76;10.9;118;106.9
;Terry Taylor;Ind;G;23.24;16;8;16.7;12.1;10.8;5;0.8;21;0.429;10;0.2;0.387;0.422;1.8;1.4;9.4;0.4;6.1;0.13;0.25;0.25;5;97.8;109.7
;Garrett Temple;Nor;G-F;36.62;8;9.2;19.1;14.9;11.6;4;0.75;8;0.5;13;0.462;0.619;0.637;3.6;1;6.1;0.5;7.2;0.75;0.13;0.38;5.3;120;103.7
;Dalen Terry;Chi;F;20.44;11;3.3;6.9;21.1;22.5;4;0.75;8;0.375;4;0.25;0.375;0.436;1.1;0.2;3.1;0.6;25.3;0.09;0.18;0.36;6.2;;
;Cam Thomas;Bro;G;21.18;23;14.8;30.9;22.6;9.9;60;0.783;100;0.41;29;0.345;0.434;0.512;6.9;1.3;5.1;1.4;13.4;0.39;0.13;0.74;6.3;103.6;112.6
;Klay Thompson;Gol;G;32.86;25;31;64.6;25.5;8.7;40;0.875;168;0.423;246;0.382;0.512;0.532;18.4;3.6;6.3;2.4;11.5;0.76;0.48;1.64;7;102.8;112.9
;JT Thor;Cha;F;20.32;19;9.9;20.7;14.5;18.2;11;0.818;22;0.455;27;0.185;0.357;0.409;2.3;1.7;9.3;0.5;6.9;0.32;0.26;0.63;5.1;83.7;112.6
;Matisse Thybulle;Phi;G-F;25.79;24;12.4;25.9;9.5;7.9;6;0.5;23;0.522;33;0.303;0.482;0.486;2.4;1.3;5.9;0.4;4.1;0.83;0.25;0.21;3.5;102.8;101.1
;Xavier Tillman;Mem;F;23.93;15;10.8;22.5;14;12.7;14;0.429;36;0.639;6;0.333;0.619;0.602;3.9;2.4;11.7;0.5;6.6;0.4;0.47;0.47;6.2;120.6;103.9
;Isaiah Todd;Was;F;21.17;4;3.2;6.6;13.8;0;0;0;1;1;3;0;0.25;0.25;0.5;0;0;0;0;0;0;0;0;;
;Obi Toppin;Nyk;F;24.79;25;17.1;35.7;19.2;9.6;17;0.824;74;0.514;97;0.351;0.52;0.538;7.7;3.8;11.5;1;8.9;0.4;0.2;0.76;7.2;108.4;107
;Juan Toscano-Anderson;Lal;F;29.69;14;10.4;21.7;11.6;22.5;7;0.714;17;0.588;11;0.182;0.464;0.499;2.2;1.8;9.1;0.6;6.9;0.21;0.21;0.64;5.1;85.9;101.7
;Karl-Anthony Towns;Min;C-F;27.09;21;33.8;70.3;24.6;15.7;104;0.885;186;0.618;117;0.325;0.568;0.625;20.8;8.2;13.4;5.3;23.4;0.76;0.67;3.1;11.4;118.2;104.1
;Gary Trent Jr.;Tor;G-F;23.92;25;31.3;65.2;22.3;6.8;90;0.778;174;0.523;170;0.335;0.513;0.551;16.9;2;3.6;1.4;7;1.56;0.12;1.12;4.6;112;113.6
;P.J. Tucker;Phi;F;37.62;28;28.7;59.8;6.4;21.7;9;0.778;38;0.5;48;0.396;0.552;0.567;3.6;4.3;8.8;0.9;4.2;0.57;0.29;0.89;3.4;109.8;105.1
;Myles Turner;Ind;C-F;26.74;25;29.6;61.8;20.4;11.3;111;0.766;172;0.616;101;0.416;0.619;0.657;16.9;7.8;14.5;1.4;7.3;0.6;2.16;1.64;7.7;121.8;103.9
;Jonas Valanciunas;Nor;C;30.62;29;23.3;48.5;23.2;15.4;85;0.824;231;0.563;44;0.341;0.555;0.6;12.9;9;21.7;1.7;11;0.31;0.34;1.97;10;115.5;98.4
;Jarred Vanderbilt;Uta;F;23.71;30;24.6;51.3;13.7;17.8;46;0.674;147;0.619;31;0.387;0.612;0.628;8.3;8.1;18.1;2.8;15.5;1.23;0.27;1.43;9.3;125.9;102.4
;Fred VanVleet;Tor;G;28.81;24;36.8;76.8;22.7;9.5;114;0.868;176;0.449;202;0.332;0.475;0.535;19.1;3.8;5.9;6.3;25.4;1.71;0.5;1.88;8.4;115.5;109.6
;Devin Vassell;San;G-F;22.32;23;31.7;66.1;24.8;7.8;74;0.811;206;0.485;162;0.401;0.537;0.568;19.8;4;7;3.4;16.8;1.04;0.39;1.48;8.1;113.8;117.3
;Gabe Vincent;Mia;G;26.51;19;24.8;51.7;17.9;13.6;25;0.84;63;0.524;91;0.297;0.477;0.509;8.8;2.1;4.7;2.9;17.8;0.84;0.11;1.37;6.1;100.8;103.6
;Noah Vonleh;Bos;F;27.32;19;8.4;17.5;9.9;30.7;2;1;20;0.5;4;0.25;0.479;0.502;1.3;2.4;16;0.3;4.7;0.11;0.42;0.58;4.7;101.3;91.4
;Nikola Vucevic;Chi;C;32.15;29;32.3;67.3;20.8;12.2;60;0.85;242;0.579;128;0.367;0.569;0.595;16.3;10.4;18.3;3;13.9;0.62;0.79;1.9;9.9;115.8;108.2
;Dean Wade;Cle;F-C;26.08;17;24.1;50.2;10.6;7.2;13;0.692;28;0.536;56;0.411;0.589;0.602;6.4;4.1;10;1;5.7;0.71;0.35;0.41;4.9;122.8;99.1
;Franz Wagner;Orl;F;21.31;31;33.5;69.7;25;12.6;141;0.872;326;0.543;134;0.328;0.528;0.583;19.6;4.1;7.1;3.5;17.7;0.71;0.26;2.42;7.8;113.4;110.9
;Moritz Wagner;Orl;F-C;25.65;13;26.1;54.5;19.6;15;42;0.905;68;0.632;44;0.273;0.545;0.613;12.3;6.6;14.5;2.2;12.7;0.77;0.31;1.77;8.6;119.2;101.7
;Ish Wainright;Pho;F;28.27;13;11.6;24.2;10.5;8;3;0.667;5;0.4;28;0.429;0.606;0.612;3.2;1.8;8.5;0.8;9.2;0.38;0.23;0.23;5.7;133.4;105.4
;Lonnie Walker IV;Lal;G-F;24.01;26;30.2;62.9;19.6;7.1;58;0.862;180;0.539;134;0.388;0.557;0.589;15.4;2.3;4;1.5;7;0.73;0.35;1;5;113.5;111.8
;Jabari Walker;Por;F;20.39;17;7.7;16;13.3;12.6;6;0.667;21;0.429;11;0.273;0.422;0.447;1.8;1.9;14;0.6;10.4;0.06;0.18;0.29;6.6;103.7;104.4
;Kemba Walker;Dal;G;32.62;3;24.8;51.7;26.3;6.9;12;0.75;18;0.611;17;0.294;0.529;0.571;15.3;3.3;8;4.7;31.9;0;0.67;1;10;123.1;109.6
;John Wall;Lac;G;32.29;25;22.6;47;28.2;15.9;101;0.673;178;0.472;85;0.271;0.451;0.496;12.2;2.7;6.4;5.6;39.8;0.84;0.32;2.32;10.1;102.8;106.3
;T.J. Warren;Bro;F;29.29;7;16;33.2;19.5;4.1;6;0.833;37;0.649;7;0.143;0.58;0.6;8;2.1;7.7;1.3;12.4;0.57;0.14;0.29;7;127.2;107.4
;Duane Washington Jr.;Pho;G;22.74;15;9;18.7;27.3;10.4;2;0;38;0.474;39;0.282;0.448;0.443;4.6;0.6;3.7;0.7;12.1;0.07;0.07;0.6;5.5;87;114.5
;TyTy Washington Jr.;Hou;G;21.09;4;9.1;19;12.3;0;2;0.5;6;0.833;4;0;0.5;0.506;2.8;1.5;8.9;1.8;28.6;0.25;0;0;8.6;133.9;107
;P.J. Washington;Cha;F;24.32;29;31.9;66.4;21.4;9.9;69;0.783;233;0.472;163;0.319;0.475;0.504;14.8;4.8;8;2.3;10.9;0.79;1;1.62;6.9;102.3;111.4
;Yuta Watanabe;Bro;G-F;28.18;18;19.1;39.8;14.2;7.3;13;0.692;41;0.61;55;0.527;0.714;0.718;8.1;3.1;9.3;1.1;8.1;0.39;0.56;0.44;6.3;138.1;109.6
;Lindy Waters III;Okc;F;25.39;7;14;29.1;12.7;6.7;0;0;2;0.5;26;0.385;0.571;0.571;4.6;1.7;6.4;0.6;5.3;0.57;0;0.29;4.8;114.6;108.1
;Trendon Watford;Por;F;22.11;21;17.9;37.3;12.7;17.4;37;0.784;57;0.596;17;0.412;0.601;0.654;5.6;4;12.9;1.8;14;0.52;0.14;0.9;7.7;125.6;105.2
;Peyton Watson;Den;G;20.27;6;2.5;5.2;25.7;0;0;0;8;0.375;1;0;0.333;0.333;1;0.5;11.5;0;0;0;0;0;0;;
;Blake Wesley;San;G;19.76;2;11.8;24.5;22.6;15.7;4;0.5;6;0.667;3;0.667;0.778;0.743;8;1;4.8;2;27.7;0;0;1;8.5;130.2;112.6
;Russell Westbrook;Lal;G;34.1;28;28.1;58.6;27.9;19.2;118;0.678;263;0.452;107;0.271;0.439;0.48;14.5;6.2;11.6;7.6;39.4;1.07;0.54;3.57;12.5;98.4;105
;Coby White;Chi;G;22.84;21;20.1;41.9;17.3;10.7;17;0.706;50;0.56;93;0.333;0.521;0.535;7.7;2.5;7;1.8;12.4;0.62;0.19;0.86;6.5;103.9;108.3
;Derrick White;Bos;G;28.47;31;25.6;53.3;15.8;9.8;62;0.871;103;0.495;127;0.394;0.548;0.595;9.9;2.8;6.2;3.1;16.3;0.84;0.74;0.9;6.9;122.6;105.8
;Jack White;Den;F;25.37;8;3.2;6.7;10.1;0;0;0;4;0.25;2;0;0.167;0.167;0.3;0.6;11.3;0;0;0.13;0.25;0;0;;
;Aaron Wiggins;Okc;G-F;23.96;22;19.4;40.5;13.6;12.9;29;0.759;66;0.561;43;0.395;0.573;0.604;6.7;3.7;10;1.7;11.5;0.55;0.18;0.82;7.2;120.4;108.1
;Andrew Wiggins;Gol;F;27.82;22;32.8;68.4;21.3;8.2;43;0.628;170;0.565;149;0.45;0.616;0.621;19.1;5.1;8.6;2.2;10;1.36;0.77;1.36;7.3;118.7;108.5
;Robert Williams III;Bos;C-F;25.17;2;17.6;36.6;13.6;9.2;2;0.5;9;0.778;0;0;0.778;0.759;7.5;5;15.8;1;8.6;0.5;1.5;0.5;7.6;148.4;100.6
;Vince Williams Jr.;Mem;G;22.3;6;6.6;13.8;11.4;0;0;0;3;0.667;8;0.125;0.318;0.318;1.2;0.8;6.7;0.3;6.1;0.67;0.17;0;4;86.6;97.7
;Alondes Williams;Bro;G;23.5;1;5.3;11;16.9;100;0;0;0;0;0;0;;;0;1;10.8;0;0;0;0;2;0;;96.3
;Grant Williams;Bos;F;24.05;30;28.6;59.7;11.8;11.7;44;0.818;72;0.681;112;0.438;0.666;0.691;9.4;4.6;8.9;1.7;7.8;0.8;0.33;0.9;5.9;130.6;105.1
;Jalen Williams;Okc;G-F;21.68;26;26.8;55.8;16.8;14.9;48;0.729;154;0.617;65;0.277;0.557;0.581;10.7;3.2;6.2;2.7;14.2;0.62;0.38;1.62;6.7;109.7;108.8
;Jaylin Williams;Okc;F;20.47;7;8.7;18.1;15.5;8.8;6;0.667;13;0.538;5;0.2;0.472;0.509;3;2.3;13.8;1;15.4;0.43;0;0.29;8.8;118.4;97.6
;Kenrich Williams;Okc;G-F;28.05;22;21;43.7;12.5;5.8;17;0.412;79;0.595;44;0.364;0.577;0.571;6.8;4;10;1.5;9.9;0.64;0.18;0.36;6.6;126.7;108.3
;Mark Williams;Cha;C;21.01;3;4.3;9;33.4;19.4;3;1;7;0.571;0;0;0.571;0.661;3.7;2.7;33.1;0;0;0;0;0.67;0;117.8;90.4
;Zion Williamson;Nor;F;22.45;24;33.1;69;28.9;13.5;187;0.722;367;0.624;18;0.333;0.618;0.654;25.5;7.2;12.1;4.6;23.6;1.17;0.63;3.04;11.4;123.6;105.9
;Patrick Williams;Chi;F;21.32;29;27;56.3;15.4;14.7;33;0.939;133;0.481;90;0.444;0.556;0.587;9.6;3.8;7.9;1.2;6.1;0.59;0.97;1.41;5.2;107.7;110.3
;Ziaire Williams;Mem;F;21.27;5;18.3;38.1;17.9;15;2;1;17;0.529;16;0.063;0.318;0.339;4.6;4.2;12.2;1.6;11.1;0.6;0.4;1.2;6.9;75.5;105.1
;Justise Winslow;Por;F-G;26.73;27;27.3;56.9;14.2;17.1;28;0.714;145;0.434;41;0.317;0.444;0.466;6.9;5.1;10.6;3.5;17.5;1.07;0.37;1.52;7.3;104.7;104
;James Wiseman;Gol;C;21.72;14;11.8;24.7;20;12.7;25;0.64;58;0.586;0;0;0.586;0.609;6;3.5;16.3;0.8;9.7;0.07;0.29;0.71;8.7;117.6;97.8
;Christian Wood;Dal;F;27.23;27;27;56.2;26.8;14.2;113;0.69;210;0.624;110;0.4;0.616;0.638;17.5;8;17.7;1.4;9;0.44;0.63;2.26;8.6;113;102.3
;McKinley Wright IV;Dal;G;24.15;2;3.8;7.8;24.1;0;0;0;3;0.333;1;0;0.25;0.25;1;1.5;23.7;1.5;59.7;0.5;0;0;13.8;;
;Delon Wright;Was;G;30.65;4;22.7;47.3;14.5;13.2;5;0.6;12;0.583;12;0.25;0.479;0.496;6.5;2.5;6.1;3.3;19.2;2.75;1;1;6.6;109.4;108
;Thaddeus Young;Tor;F;34.49;27;17.2;35.8;12.9;14.9;16;0.813;94;0.606;19;0.211;0.558;0.579;5.1;3.7;12.2;1.8;14.8;1.07;0.11;0.78;7.5;122.4;105.1
;Trae Young;Atl;G;24.25;27;35.7;74.3;33.8;13.3;229;0.895;381;0.47;191;0.288;0.457;0.541;27;2.7;4.2;9.9;43;0.74;0.15;3.81;10.1;112.4;115.6
;Ivica Zubac;Lac;C;25.76;30;29.5;61.5;14.7;21.4;96;0.667;192;0.62;1;0;0.617;0.642;10.1;10.8;19.8;1.1;5.5;0.4;1.57;2.13;6.7;115.7;98.8
